<?xml version="1.0" encoding="UTF-8"?>
<window>
    <defaultcontrol always="true">20</defaultcontrol>
    <coordinates>
        <left>120</left>
        <top>98</top>
    </coordinates>
    <include>dialogeffect</include>
    <controls>
        <include content="DialogBackgroundCommons">
            <param name="DialogBackgroundWidth" value="1680" />
            <param name="DialogBackgroundHeight" value="855" />
            <param name="DialogHeaderWidth" value="1530" />
            <param name="DialogHeaderLabel" value="$VAR[PVRChannelMgrHeader]" />
            <param name="DialogHeaderId" value="2" />
            <param name="CloseButtonLeft" value="1475" />
            <param name="CloseButtonNav" value="10" />
        </include>
        <control type="group">
            <left>30</left>
            <top>105</top>
            <control type="scrollbar" id="60">
                <left>660</left>
                <top>8</top>
                <width>38</width>
                <height>705</height>
                <texturesliderbackground border="0,14,0,14">ScrollBarV.png</texturesliderbackground>
                <texturesliderbar border="0,14,0,14">ScrollBarV_bar.png</texturesliderbar>
                <texturesliderbarfocus border="0,14,0,14" colordiffuse="$VAR[MainColorOne]">ScrollBarV_bar_focus.png</texturesliderbarfocus>
                <textureslidernib colordiffuse="$VAR[MainColorOne]">ScrollBarNib.png</textureslidernib>
                <textureslidernibfocus colordiffuse="$VAR[MainColorOne]">ScrollBarNib.png</textureslidernibfocus>
                <onleft>20</onleft>
                <onright>9002</onright>
                <showonepage>false</showonepage>
                <orientation>vertical</orientation>
            </control>
            <control type="image">
                <left>15</left>
                <top>0</top>
                <width>645</width>
                <height>712</height>
                <texture border="5">button-nofocus.png</texture>
            </control>
            <control type="list" id="20">
                <left>22</left>
                <top>8</top>
                <width>630</width>
                <height>705</height>
                <onup>20</onup>
                <ondown>20</ondown>
                <onleft>9000</onleft>
                <onright>60</onright>
                <pagecontrol>60</pagecontrol>
                <scrolltime>200</scrolltime>
                <itemlayout height="68" width="630">
                    <control type="image">
                        <left>0</left>
                        <top>0</top>
                        <width>630</width>
                        <height>60</height>
                        <texture border="5">button-nofocus.png</texture>
                    </control>
                    <control type="image">
                        <left>8</left>
                        <top>8</top>
                        <width>45</width>
                        <height>45</height>
                        <texture>$INFO[ListItem.Property(Icon)]</texture>
                        <aspectratio>keep</aspectratio>
                        <visible>ListItem.Property(ActiveChannel)</visible>
                    </control>
                    <control type="image">
                        <left>8</left>
                        <top>8</top>
                        <width>45</width>
                        <height>45</height>
                        <colordiffuse>77FFFFFF</colordiffuse>
                        <texture>$INFO[ListItem.Property(Icon)]</texture>
                        <aspectratio>keep</aspectratio>
                        <visible>!ListItem.Property(ActiveChannel)</visible>
                    </control>
                    <control type="label">
                        <left>68</left>
                        <top>0</top>
                        <width>502</width>
                        <height>60</height>
                        <font>font20</font>
                        <align>left</align>
                        <aligny>center</aligny>
                        <textcolor>white</textcolor>
                        <selectedcolor>selected</selectedcolor>
                        <label>$INFO[ListItem.Property(Number),(,) - ]$INFO[ListItem.Property(Name)]</label>
                        <visible>ListItem.Property(ActiveChannel)</visible>
                    </control>
                    <control type="label">
                        <left>68</left>
                        <top>0</top>
                        <width>502</width>
                        <height>60</height>
                        <font>font20</font>
                        <align>left</align>
                        <aligny>center</aligny>
                        <textcolor>grey3</textcolor>
                        <selectedcolor>selected</selectedcolor>
                        <label>$INFO[ListItem.Property(Number),(,) - ]$INFO[ListItem.Property(Name)]</label>
                        <visible>!ListItem.Property(ActiveChannel)</visible>
                    </control>
                    <control type="image">
                        <left>585</left>
                        <top>15</top>
                        <width>30</width>
                        <height>30</height>
                        <texture>OverlayWatched.png</texture>
                        <visible>ListItem.Property(Changed)</visible>
                    </control>
                </itemlayout>
                <focusedlayout height="98" width="630">
                    <control type="image">
                        <left>0</left>
                        <top>0</top>
                        <width>630</width>
                        <height>90</height>
                        <texture border="5" colordiffuse="$VAR[MainColorOne]">$VAR[SelectButton2]</texture>
                        <animation effect="fade" start="100" end="30" time="0" condition="!Control.HasFocus(20)">conditional</animation>
                    </control>
                    <control type="image">
                        <left>8</left>
                        <top>8</top>
                        <width>45</width>
                        <height>45</height>
                        <texture>$INFO[ListItem.Property(Icon)]</texture>
                        <aspectratio>keep</aspectratio>
                        <visible>ListItem.Property(ActiveChannel)</visible>
                    </control>
                    <control type="image">
                        <left>8</left>
                        <top>8</top>
                        <width>45</width>
                        <height>45</height>
                        <colordiffuse>77FFFFFF</colordiffuse>
                        <texture>$INFO[ListItem.Property(Icon)]</texture>
                        <aspectratio>keep</aspectratio>
                        <visible>!ListItem.Property(ActiveChannel)</visible>
                    </control>
                    <control type="label">
                        <left>68</left>
                        <top>0</top>
                        <width>502</width>
                        <height>60</height>
                        <font>font20</font>
                        <align>left</align>
                        <aligny>center</aligny>
                        <textcolor>white</textcolor>
                        <selectedcolor>selected</selectedcolor>
                        <label>$INFO[ListItem.Property(Number),(,) - ]$INFO[ListItem.Property(Name)]</label>
                        <visible>ListItem.Property(ActiveChannel)</visible>
                    </control>
                    <control type="label">
                        <left>68</left>
                        <top>0</top>
                        <width>502</width>
                        <height>60</height>
                        <font>font20</font>
                        <align>left</align>
                        <aligny>center</aligny>
                        <textcolor>grey3</textcolor>
                        <selectedcolor>selected</selectedcolor>
                        <label>$INFO[ListItem.Property(Number),(,) - ]$INFO[ListItem.Property(Name)]</label>
                        <visible>!ListItem.Property(ActiveChannel)</visible>
                    </control>
                    <control type="image">
                        <left>585</left>
                        <top>15</top>
                        <width>30</width>
                        <height>30</height>
                        <texture>OverlayWatched.png</texture>
                        <visible>ListItem.Property(Changed)</visible>
                    </control>
                    <control type="label">
                        <left>8</left>
                        <top>45</top>
                        <width>615</width>
                        <height>45</height>
                        <font>font20</font>
                        <align>left</align>
                        <aligny>center</aligny>
                        <textcolor>grey2</textcolor>
                        <selectedcolor>selected</selectedcolor>
                        <label>$LOCALIZE[19210]: $INFO[ListItem.Property(ClientName)]</label>
                    </control>
                </focusedlayout>
            </control>
        </control>
        <control type="group">
            <control type="grouplist" id="9002">
                <left>735</left>
                <top>112</top>
                <onleft>60</onleft>
                <onright>9000</onright>
                <onup>34</onup>
                <ondown>30</ondown>
                <itemgap>8</itemgap>
                <control type="label" id="9001">
                    <description>channel options Header</description>
                    <left>0</left>
                    <top>0</top>
                    <width>570</width>
                    <height>38</height>
                    <font>font20</font>
                    <label>$LOCALIZE[31511]</label>
                    <align>left</align>
                    <aligny>center</aligny>
                    <textcolor>$VAR[MainColorOne]</textcolor>
                    <shadowcolor>black</shadowcolor>
                </control>
                <control type="radiobutton" id="7">
                    <description>Channel activated</description>
                    <left>0</left>
                    <top>0</top>
                    <width>570</width>
                    <height>60</height>
                    <font>font20</font>
                    <textcolor>white</textcolor>
                    <focusedcolor>white</focusedcolor>
                    <shadowcolor>black</shadowcolor>
                    <align>left</align>
                    <aligny>center</aligny>
                    <pulseonselect>no</pulseonselect>
                    <label>19074</label>
                </control>
                <control type="edit" id="8">
                    <description>Channel name</description>
                    <left>0</left>
                    <top>0</top>
                    <width>570</width>
                    <height>60</height>
                    <font>font20</font>
                    <textcolor>white</textcolor>
                    <focusedcolor>white</focusedcolor>
                    <shadowcolor>black</shadowcolor>
                    <label>19201</label>
                </control>
                <control type="group" id="9005">
                    <left>0</left>
                    <top>0</top>
                    <width>570</width>
                    <height>60</height>
                    <control type="button" id="9">
                        <description>Channel logo Button</description>
                        <left>0</left>
                        <top>0</top>
                        <width>570</width>
                        <height>60</height>
                        <font>font20</font>
                        <label>19202</label>
                        <onleft>60</onleft>
                        <onright>9000</onright>
                        <onup>8</onup>
                        <ondown>12</ondown>
                    </control>
                    <control type="image">
                        <description>Current Channel Icon</description>
                        <left>510</left>
                        <top>4</top>
                        <width>51</width>
                        <height>51</height>
                        <aspectratio>keep</aspectratio>
                        <info>ListItem.Property(Icon)</info>
                    </control>
                </control>
                <control type="radiobutton" id="12">
                    <description>EPG activated</description>
                    <left>0</left>
                    <top>0</top>
                    <width>570</width>
                    <height>60</height>
                    <font>font20</font>
                    <textcolor>white</textcolor>
                    <focusedcolor>white</focusedcolor>
                    <shadowcolor>black</shadowcolor>
                    <align>left</align>
                    <aligny>center</aligny>
                    <pulseonselect>no</pulseonselect>
                    <label>19206</label>
                </control>
                <control type="spincontrolex" id="13">
                    <description>EPG source</description>
                    <left>0</left>
                    <top>0</top>
                    <width>570</width>
                    <height>60</height>
                    <font>font20</font>
                    <label>19200</label>
                </control>
                <control type="radiobutton" id="14">
                    <description>Parental locked</description>
                    <left>0</left>
                    <top>0</top>
                    <width>570</width>
                    <height>60</height>
                    <font>font20</font>
                    <textcolor>white</textcolor>
                    <focusedcolor>white</focusedcolor>
                    <shadowcolor>black</shadowcolor>
                    <align>left</align>
                    <aligny>center</aligny>
                    <pulseonselect>no</pulseonselect>
                    <label>19267</label>
                </control>
            </control>
            <control type="grouplist">
                <left>735</left>
                <top>562</top>
                <itemgap>8</itemgap>
                <onleft>60</onleft>
                <onright>9000</onright>
                <onup>14</onup>
                <ondown>7</ondown>
                <animation effect="slide" start="0,0" end="0,68" time="0" condition="!Control.IsVisible(31)">Conditional</animation>
                <control type="label" id="9003">
                    <description>channel options Header</description>
                    <left>0</left>
                    <top>0</top>
                    <width>570</width>
                    <height>38</height>
                    <font>font20</font>
                    <label>$LOCALIZE[31026]</label>
                    <align>left</align>
                    <aligny>center</aligny>
                    <textcolor>$VAR[MainColorOne]</textcolor>
                    <shadowcolor>black</shadowcolor>
                </control>
                <control type="button" id="31">
                    <description>New channel Button</description>
                    <left>0</left>
                    <top>0</top>
                    <width>570</width>
                    <height>60</height>
                    <font>font20</font>
                    <align>center</align>
                    <label>19204</label>
                </control>
                <control type="button" id="30">
                    <description>Group Manager Button</description>
                    <left>0</left>
                    <top>0</top>
                    <width>570</width>
                    <height>60</height>
                    <font>font20</font>
                    <align>center</align>
                    <label>19205</label>
                </control>
                <control type="togglebutton" id="34">
                    <description>TV/Radio toggle</description>
                    <left>0</left>
                    <top>0</top>
                    <width>570</width>
                    <height>60</height>
                    <font>font20</font>
                    <include>NormalButton</include>
                    <include>AltButton</include>
                    <align>center</align>
                    <aligny>center</aligny>
                    <label>19024</label>
                    <altlabel>19023</altlabel>
                    <usealttexture>!String.IsEmpty(Window.Property(IsRadio))</usealttexture>
                </control>
            </control>
        </control>
        <control type="group" id="9000">
            <left>1335</left>
            <top>142</top>
            <control type="button" id="4">
                <description>OK Button</description>
                <left>0</left>
                <top>0</top>
                <width>300</width>
                <height>60</height>
                <label>186</label>
                <font>font20_title</font>
                <align>center</align>
                <aligny>center</aligny>
                <onleft>9002</onleft>
                <onright>20</onright>
                <onup>6</onup>
                <ondown>5</ondown>
            </control>
            <control type="button" id="5">
                <description>Apply changes Button</description>
                <left>0</left>
                <top>68</top>
                <width>300</width>
                <height>60</height>
                <label>14070</label>
                <font>font20_title</font>
                <align>center</align>
                <aligny>center</aligny>
                <onleft>9002</onleft>
                <onright>20</onright>
                <onup>4</onup>
                <ondown>6</ondown>
            </control>
            <control type="button" id="6">
                <description>Cancel Button</description>
                <left>0</left>
                <top>135</top>
                <width>300</width>
                <height>60</height>
                <label>222</label>
                <font>font20_title</font>
                <align>center</align>
                <aligny>center</aligny>
                <onleft>9002</onleft>
                <onright>20</onright>
                <onup>5</onup>
                <ondown>4</ondown>
            </control>
            <control type="group">
                <left>-8</left>
                <top>300</top>
                <control type="image">
                    <left>0</left>
                    <top>0</top>
                    <width>315</width>
                    <height>315</height>
                    <texture border="5">button-nofocus.png</texture>
                </control>
                <control type="image">
                    <left>8</left>
                    <top>8</top>
                    <width>300</width>
                    <height>300</height>
                    <aspectratio>keep</aspectratio>
                    <texture background="true">$INFO[Container(20).ListItem.Icon]</texture>
                </control>
            </control>
            <control type="label">
                <description>Page Count Label</description>
                <left>-22</left>
                <top>627</top>
                <width>345</width>
                <height>52</height>
                <font>font20</font>
                <textcolor>grey</textcolor>
                <scroll>false</scroll>
                <align>center</align>
                <aligny>center</aligny>
                <label>([COLOR=$VAR[MainColorOne]]$INFO[Container(20).NumItems][/COLOR]) $LOCALIZE[19019] - $LOCALIZE[31024] ([COLOR=$VAR[MainColorOne]]$INFO[Container(20).CurrentPage]/$INFO[Container(20).NumPages][/COLOR])</label>
                <wrapmultiline>true</wrapmultiline>
                <visible>[!Player.HasMedia | Skin.HasSetting(HideNowPlayingInfo)] + !Skin.HasSetting(HidePageCountInfo)</visible>
            </control>
        </control>
    </controls>
</window>
