<?xml version="1.0" encoding="utf-8"?>
<includes>
    <include name="Lowlist">
        <control type="group">
            <visible>Control.IsVisible(724)</visible>
            <include>VisibleFadeEffect</include>
            <control type="list" id="724">
                <left>510</left>
                <top>660</top>
                <width>870</width>
                <height>240</height>
                <onleft>9000</onleft>
                <onright>60</onright>
                <onup>724</onup>
                <ondown>724</ondown>
                <viewtype label="$LOCALIZE[31648]">list</viewtype>
                <pagecontrol>60</pagecontrol>
                <scrolltime>200</scrolltime>
                <visible>Container.Content(Movies) | Container.Content(Seasons) | Container.Content(TVShows) | Container.Content(MusicVideos)</visible>
                <visible>!Container.Content(LiveTV)</visible>
                <itemlayout height="60" width="720">
                    <control type="image">
                        <left>0</left>
                        <top>0</top>
                        <width>720</width>
                        <height>60</height>
                        <texture border="0,2,0,2">MenuItemNF.png</texture>
                    </control>
                    <control type="label">
                        <left>15</left>
                        <top>0</top>
                        <width>690</width>
                        <height>60</height>
                        <font>font22</font>
                        <textcolor>grey2</textcolor>
                        <selectedcolor>selected</selectedcolor>
                        <align>left</align>
                        <aligny>center</aligny>
                        <label>$INFO[ListItem.Label]</label>
                    </control>
                    <control type="label">
                        <left>615</left>
                        <top>0</top>
                        <width>600</width>
                        <height>60</height>
                        <font>font20</font>
                        <textcolor>grey2</textcolor>
                        <selectedcolor>selected</selectedcolor>
                        <align>right</align>
                        <aligny>center</aligny>
                        <label>$INFO[ListItem.Label2]</label>
                    </control>
                    <control type="image">
                        <left>615</left>
                        <top>21</top>
                        <width>30</width>
                        <height>24</height>
                        <texture>$INFO[ListItem.Overlay]</texture>
                        <aspectratio>keep</aspectratio>
                    </control>
                </itemlayout>
                <focusedlayout height="60" width="720">
                    <control type="image">
                        <left>0</left>
                        <top>0</top>
                        <width>720</width>
                        <height>62</height>
                        <texture border="0,2,0,2">MenuItemNF.png</texture>
                        <visible>!Control.HasFocus(724)</visible>
                        <include>VisibleFadeEffect</include>
                    </control>
                    <control type="image">
                        <left>0</left>
                        <top>0</top>
                        <width>705</width>
                        <height>60</height>
                        <texture border="5" colordiffuse="$VAR[MainColorOne]">$VAR[SelectMenuItem]</texture>
                        <visible>Control.HasFocus(724)</visible>
                        <include>VisibleFadeEffect</include>
                    </control>
                    <control type="label">
                        <left>15</left>
                        <top>0</top>
                        <width>690</width>
                        <height>60</height>
                        <font>font22</font>
                        <textcolor>white</textcolor>
                        <selectedcolor>selected</selectedcolor>
                        <align>left</align>
                        <aligny>center</aligny>
                        <label>$INFO[ListItem.Label]</label>
                    </control>
                    <control type="label">
                        <left>615</left>
                        <top>0</top>
                        <width>600</width>
                        <height>60</height>
                        <font>font20</font>
                        <textcolor>grey2</textcolor>
                        <selectedcolor>selected</selectedcolor>
                        <align>right</align>
                        <aligny>center</aligny>
                        <label>$INFO[ListItem.Label2]</label>
                    </control>
                    <control type="image">
                        <left>615</left>
                        <top>21</top>
                        <width>30</width>
                        <height>24</height>
                        <texture>$INFO[ListItem.Overlay]</texture>
                        <aspectratio>keep</aspectratio>
                    </control>
                </focusedlayout>
            </control>
            <control type="scrollbar" id="60">
                <left>1215</left>
                <top>660</top>
                <width>38</width>
                <height>240</height>
                <texturesliderbackground border="0,14,0,14">ScrollBarV.png</texturesliderbackground>
                <texturesliderbar border="0,14,0,14">ScrollBarV_bar.png</texturesliderbar>
                <texturesliderbarfocus border="0,14,0,14" colordiffuse="$VAR[MainColorOne]">ScrollBarV_bar_focus.png</texturesliderbarfocus>
                <textureslidernib colordiffuse="$VAR[MainColorOne]">ScrollBarNib.png</textureslidernib>
                <textureslidernibfocus colordiffuse="$VAR[MainColorOne]">ScrollBarNib.png</textureslidernibfocus>
                <onleft>724</onleft>
                <onright>800</onright>
                <showonepage>true</showonepage>
                <orientation>vertical</orientation>
                <visible>Control.IsVisible(724)</visible>
            </control>
            <control type="group">
                <visible>Control.IsVisible(724)</visible>
                <control type="group">
                    <visible>String.IsEmpty(ListItem.Art(poster)) | !Window.IsVisible(Videos)</visible>
                    <left>60</left>
                    <top>278</top>
                    <camera x="960" y="300" />
                    <animation effect="rotatey" center="75" start="-30" end="-30" time="0" condition="true">Conditional</animation>
                    <control type="image">
                        <left>0</left>
                        <top>0</top>
                        <width>390</width>
                        <height>720</height>
                        <aspectratio aligny="bottom">keep</aspectratio>
                        <fadetime>IconCrossfadeTime</fadetime>
                        <texture background="true" diffuse="ClearCase/EmptyCaseMask.png">$INFO[ListItem.thumbnailImage]</texture>
                        <visible>!String.IsEmpty(ListItem.thumbnailImage)</visible>
                    </control>
                    <control type="image">
                        <left>0</left>
                        <top>0</top>
                        <width>390</width>
                        <height>720</height>
                        <aspectratio aligny="bottom">keep</aspectratio>
                        <fadetime>IconCrossfadeTime</fadetime>
                        <texture background="true" diffuse="ClearCase/EmptyCaseMask.png">$INFO[ListItem.Icon]</texture>
                        <visible>String.IsEmpty(ListItem.thumbnailImage)</visible>
                    </control>
                </control>
                <control type="group">
                    <visible>!String.IsEmpty(ListItem.Art(poster)) + Window.IsVisible(Videos)</visible>
                    <left>60</left>
                    <top>278</top>
                    <camera x="960" y="300" />
                    <animation effect="rotatey" center="75" start="-30" end="-30" time="0" condition="true">Conditional</animation>
                    <control type="image">
                        <left>0</left>
                        <top>-22</top>
                        <width>390</width>
                        <height>720</height>
                        <aspectratio>stretch</aspectratio>
                        <fadetime>IconCrossfadeTime</fadetime>
                        <texture background="true" diffuse="ClearCase/EmptyCaseMask.png">$VAR[PosterThumb]</texture>
                        <visible>!Skin.HasSetting(EnableDVDCases)</visible>
                    </control>
                    <control type="image">
                        <left>50</left>
                        <top>22</top>
                        <width>326</width>
                        <height>668</height>
                        <aspectratio scalediffuse="false">stretch</aspectratio>
                        <fadetime>IconCrossfadeTime</fadetime>
                        <texture background="true" diffuse="ClearCase/EmptyCaseMask.png">$VAR[PosterThumb]</texture>
                        <visible>Skin.HasSetting(EnableDVDCases)</visible>
                    </control>
                    <control type="image">
                        <left>0</left>
                        <top>0</top>
                        <width>390</width>
                        <height>720</height>
                        <aspectratio>stretch</aspectratio>
                        <texture fallback="ClearCase/dv.png">$VAR[VideoListCase,ClearCase/,.png]</texture>
                        <visible>Skin.HasSetting(EnableDVDCases)</visible>
                    </control>
                </control>
                <control type="grouplist">
                    <description>Media Codec Flagging Images</description>
                    <left>390</left>
                    <top>158r</top>
                    <width>855</width>
                    <align>center</align>
                    <itemgap>3</itemgap>
                    <orientation>horizontal</orientation>
                    <include>VideoMPAAFlaggingConditions</include>
                    <include>VideoCodecFlaggingConditions</include>
                    <include>AudioCodecFlaggingConditions</include>
                    <include>AudioChannelsFlaggingConditions</include>
                    <include>AspectCodecFlaggingConditions</include>
                    <include>SpecialFeaturesFlaggingConditions</include>
                    <include>VideoTypeHackFlaggingConditions</include>
                </control>
                <control type="textbox">
                    <description>Description Value for Movie</description>
                    <left>1260</left>
                    <top>660</top>
                    <width>630</width>
                    <height>240</height>
                    <font>font20</font>
                    <align>justify</align>
                    <textcolor>white</textcolor>
                    <label>$VAR[VideoDescription,[B]$LOCALIZE[207]: [/B]]</label>
                    <autoscroll time="2600" delay="6000" repeat="6000">!Skin.HasSetting(StopAutoScroll)</autoscroll>
                    <visible>!String.IsEqual(ListItem.Label,..)</visible>
                </control>
                <control type="image">
                    <description>Rating value</description>
                    <left>1260</left>
                    <top>930</top>
                    <width>225</width>
                    <height>38</height>
                    <aspectratio align="left">keep</aspectratio>
                    <texture>LeftRating/$INFO[ListItem.Rating]</texture>
                    <visible>!String.IsEmpty(ListItem.Rating)</visible>
                </control>
                <control type="label">
                    <right>45</right>
                    <top>930</top>
                    <width>450</width>
                    <height>45</height>
                    <font>font20</font>
                    <textcolor>white</textcolor>
                    <shadowcolor>black</shadowcolor>
                    <scroll>false</scroll>
                    <align>right</align>
                    <aligny>top</aligny>
                    <label>$VAR[MediaRuntime,[B]$LOCALIZE[2050]: [/B]]</label>
                    <visible>!String.IsEmpty(ListItem.Duration)</visible>
                </control>
            </control>
        </control>
    </include>
</includes>
