<?xml version="1.0" encoding="UTF-8" standalone="yes"?>
<addon id="plugin.video.linxplay" name="[COLOR red]LI[/COLOR][COLOR white]NX[/COLOR] [COLOR blue]PL[/COLOR][COLOR white]AY[/COLOR]" version="1.0.0" provider-name="[COLOR red][B]LINX[/B][/COLOR]">
  <requires>
    <import addon="xbmc.python" version="3.0.0"/>
    <import addon="script.module.beautifulsoup4"/>
    <import addon="script.module.requests"/>
    <import addon="script.module.resolveurl"/>
    <import addon="script.module.kodi-six" />
  </requires>
  <extension point="xbmc.python.pluginsource"
            library="default.py">
        <provides>video</provides>
  </extension>
  <extension point="xbmc.addon.metadata">
    <summary lang="en">LINXPLAY</summary>
    <description lang="en">Balkan Movies,TV Shows...</description>
    <disclaimer lang="en">The author does not host or distribute any of the content displayed by this addon or have any affiliation with the website owners</disclaimer>
    <platform>all</platform>
    <assets>
      <icon>icon.png</icon>
      <fanart>fanart.jpg</fanart>
    </assets>
  </extension>
</addon>
