<?xml version="1.0" encoding="utf-8"?>
<window>
    <defaultcontrol always="true">302</defaultcontrol>
    <coordinates>
        <left>100</left>
        <top>50</top>
    </coordinates>
    <animation effect="slide" start="0, 500" time="500" tween="quadratic">WindowOpen</animation>
    <animation effect="fade" time="500">WindowClose</animation>
    <controls>
        <control type="image">
            <description>Background Image</description>
            <width>1100</width>
            <height>600</height>
            <texture>background.png</texture>
            <colordiffuse></colordiffuse>
            <bordertexture border="2" colordiffuse="black">white.png</bordertexture>
            <bordersize>10</bordersize>
        </control>

        <control type="button" id="302">
            <left>990</left>
            <top>540</top>
            <description>Close Button</description>
            <width>75</width>
            <height>37</height>
            <texturefocus colordiffuse="deepskyblue">close.png</texturefocus>
            <texturenofocus colordiffuse="grey">close.png</texturenofocus>
            <bordersize>5</bordersize>
            <onleft>301</onleft>
            <onright>301</onright>
        </control>

		<control type="textbox" id="300">
			<description>Notification Text</description>
			<top>50</top>
			<left>50</left>
			<width>1000</width>
			<height>500</height>
			<font>font14</font>
			<align>center</align>
			<aligny>top</aligny>
			<textcolor>white</textcolor>
			<shadowcolor>black</shadowcolor>
			<scrolltime>500</scrolltime>
		</control>

        <control type="scrollbar" id="301">
            <description>Scrollbar</description>
            <left>1080</left>
            <top>10</top>
            <width>10</width>
            <height>570</height>
            <visible>true</visible>
            <texturesliderbar>white.png</texturesliderbar>
            <texturesliderbarfocus>white.png</texturesliderbarfocus>
            <orientation>vertical</orientation>
            <showonepage>true</showonepage>
            <onup></onup>
            <ondown></ondown>
            <onleft>302</onleft>
            <onright>302</onright>
        </control>
    </controls>
</window>
