<?xml version="1.0" encoding="UTF-8" standalone="yes"?>
<addon id="script.module.httplib2" name="httplib2" version="0.22.0+matrix.1" provider-name="Joe Gregorio">
  <requires>
    <import addon="xbmc.python" version="3.0.0" />
    <import addon="script.module.pyparsing" version="3.1.1" />
  </requires>
  <extension point="xbmc.python.module" library="lib" />
  <extension point="xbmc.addon.metadata">
    <summary lang="en_GB">A comprehensive HTTP client library.</summary>
    <description lang="en_GB">A comprehensive HTTP client library.</description>
    <license>MIT</license>
    <platform>all</platform>
    <website>https://github.com/httplib2/httplib2</website>
    <source>https://github.com/httplib2/httplib2</source>
    <assets>
      <icon>resources/icon.png</icon>
    </assets>
  </extension>
</addon>
