<?xml version="1.0" encoding="UTF-8"?>
<includes>
    <include name="WeatherDaily">
        <control type="group">
            <control type="label">
                <description>header label</description>
                <left>30</left>
                <top>22</top>
                <width>915</width>
                <height>45</height>
                <font>font22_title</font>
                <label>31904</label>
                <align>center</align>
                <aligny>center</aligny>
                <textcolor>white</textcolor>
                <shadowcolor>black</shadowcolor>
                <include>VisibleFadeEffect</include>
                <visible>Control.IsVisible(51)</visible>
            </control>
            <control type="list" id="51">
                <left>22</left>
                <top>90</top>
                <width>900</width>
                <height>812</height>
                <onleft>9000</onleft>
                <onright>61</onright>
                <onup>51</onup>
                <ondown>51</ondown>
                <viewtype label="535">list</viewtype>
                <pagecontrol>61</pagecontrol>
                <scrolltime>200</scrolltime>
                <include>VisibleFadeEffect</include>
                <visible>String.IsEmpty(Window.Property(Weather.CurrentView))</visible>
                <itemlayout height="202" width="900" condition="String.IsEmpty(Window.Property(Daily.IsFetched))">
                    <control type="image">
                        <left>0</left>
                        <top>0</top>
                        <width>900</width>
                        <height>204</height>
                        <texture border="0,5,0,5">MenuItemNF.png</texture>
                    </control>
                    <control type="image">
                        <left>0</left>
                        <top>0</top>
                        <width>900</width>
                        <height>204</height>
                        <texture border="0,5,0,5">MenuItemNF.png</texture>
                    </control>
                    <control type="label">
                        <left>225</left>
                        <top>8</top>
                        <width>450</width>
                        <height>38</height>
                        <font>font22_title</font>
                        <textcolor>white</textcolor>
                        <shadowcolor>black</shadowcolor>
                        <selectedcolor>selected</selectedcolor>
                        <align>center</align>
                        <aligny>center</aligny>
                        <label>$INFO[ListItem.Label]</label>
                    </control>
                    <control type="image">
                        <left>690</left>
                        <top>0</top>
                        <width>202</width>
                        <height>202</height>
                        <aspectratio>keep</aspectratio>
                        <texture>$INFO[ListItem.ActualIcon]</texture>
                    </control>
                    <control type="label">
                        <left>45</left>
                        <top>52</top>
                        <width>585</width>
                        <height>45</height>
                        <font>font22</font>
                        <textcolor>white</textcolor>
                        <shadowcolor>black</shadowcolor>
                        <selectedcolor>selected</selectedcolor>
                        <align>left</align>
                        <aligny>center</aligny>
                        <label>[COLOR=grey2]$LOCALIZE[419] : [/COLOR]$INFO[ListItem.Property(HighTemp)]$INFO[ListItem.Property(TempUnits)]     [COLOR=grey2]$LOCALIZE[418] : [/COLOR]$INFO[ListItem.Property(LowTemp)]$INFO[ListItem.Property(TempUnits)]</label>
                        <visible>!String.IsEmpty(ListItem.Property(HighTemp))</visible>
                    </control>
                    <control type="textbox">
                        <left>45</left>
                        <top>108</top>
                        <width>600</width>
                        <height>72</height>
                        <font>font22</font>
                        <textcolor>white</textcolor>
                        <shadowcolor>black</shadowcolor>
                        <selectedcolor>selected</selectedcolor>
                        <align>left</align>
                        <label>$INFO[ListItem.Property(Outlook)]</label>
                    </control>
                </itemlayout>
                <focusedlayout height="202" width="900" condition="String.IsEmpty(Window.Property(Daily.IsFetched))">
                    <control type="image">
                        <left>0</left>
                        <top>0</top>
                        <width>900</width>
                        <height>204</height>
                        <texture border="0,2,0,2">MenuItemNF.png</texture>
                        <visible>!Control.HasFocus(51)</visible>
                        <include>VisibleFadeEffect</include>
                    </control>
                    <control type="image">
                        <left>0</left>
                        <top>0</top>
                        <width>900</width>
                        <height>204</height>
                        <texture border="0,2,0,2">MenuItemNF.png</texture>
                        <visible>!Control.HasFocus(51)</visible>
                        <include>VisibleFadeEffect</include>
                    </control>
                    <control type="image">
                        <left>0</left>
                        <top>0</top>
                        <width>900</width>
                        <height>204</height>
                        <texture border="10" colordiffuse="$VAR[MainColorOne]">$VAR[SelectButton2]</texture>
                        <visible>Control.HasFocus(51)</visible>
                        <include>VisibleFadeEffect</include>
                    </control>
                    <control type="label">
                        <left>225</left>
                        <top>8</top>
                        <width>450</width>
                        <height>38</height>
                        <font>font22_title</font>
                        <textcolor>white</textcolor>
                        <shadowcolor>black</shadowcolor>
                        <selectedcolor>selected</selectedcolor>
                        <align>center</align>
                        <aligny>center</aligny>
                        <label>$INFO[ListItem.Label]</label>
                    </control>
                    <control type="image">
                        <left>690</left>
                        <top>0</top>
                        <width>202</width>
                        <height>202</height>
                        <aspectratio>keep</aspectratio>
                        <texture>$INFO[ListItem.ActualIcon]</texture>
                    </control>
                    <control type="label">
                        <left>45</left>
                        <top>52</top>
                        <width>585</width>
                        <height>45</height>
                        <font>font22</font>
                        <textcolor>white</textcolor>
                        <shadowcolor>black</shadowcolor>
                        <selectedcolor>selected</selectedcolor>
                        <align>left</align>
                        <aligny>center</aligny>
                        <label>[COLOR=grey2]$LOCALIZE[419] : [/COLOR]$INFO[ListItem.Property(HighTemp)]$INFO[ListItem.Property(TempUnits)]     [COLOR=grey2]$LOCALIZE[418] : [/COLOR]$INFO[ListItem.Property(LowTemp)]$INFO[ListItem.Property(TempUnits)]</label>
                        <visible>!String.IsEmpty(ListItem.Property(HighTemp))</visible>
                    </control>
                    <control type="textbox">
                        <left>45</left>
                        <top>108</top>
                        <width>600</width>
                        <height>72</height>
                        <font>font22</font>
                        <textcolor>white</textcolor>
                        <shadowcolor>black</shadowcolor>
                        <selectedcolor>selected</selectedcolor>
                        <align>left</align>
                        <label>$INFO[ListItem.Property(Outlook)]</label>
                    </control>
                </focusedlayout>
                <itemlayout height="202" width="900" condition="!String.IsEmpty(Window.Property(Daily.IsFetched))">
                    <control type="image">
                        <left>0</left>
                        <top>0</top>
                        <width>900</width>
                        <height>204</height>
                        <texture border="0,5,0,5">MenuItemNF.png</texture>
                    </control>
                    <control type="label">
                        <left>0</left>
                        <top>0</top>
                        <width>150</width>
                        <height>180</height>
                        <font>font20</font>
                        <textcolor>white</textcolor>
                        <selectedcolor>selected</selectedcolor>
                        <align>center</align>
                        <aligny>center</aligny>
                        <label>$INFO[ListItem.Label]</label>
                    </control>
                    <control type="image">
                        <left>165</left>
                        <top>8</top>
                        <width>120</width>
                        <height>120</height>
                        <aspectratio>keep</aspectratio>
                        <texture>$INFO[ListItem.Thumb]</texture>
                    </control>
                    <control type="label">
                        <left>300</left>
                        <top>0</top>
                        <width>585</width>
                        <height>105</height>
                        <font>font20</font>
                        <textcolor>white</textcolor>
                        <selectedcolor>selected</selectedcolor>
                        <align>right</align>
                        <aligny>center</aligny>
                        <label>$INFO[ListItem.Label2]</label>
                    </control>
                    <control type="textbox">
                        <left>8</left>
                        <top>123</top>
                        <width>885</width>
                        <height>72</height>
                        <font>font20</font>
                        <textcolor>white</textcolor>
                        <selectedcolor>selected</selectedcolor>
                        <align>center</align>
                        <label>$INFO[ListItem.ActualIcon]</label>
                    </control>
                </itemlayout>
                <focusedlayout height="202" width="900" condition="!String.IsEmpty(Window.Property(Daily.IsFetched))">
                    <control type="image">
                        <left>0</left>
                        <top>0</top>
                        <width>900</width>
                        <height>204</height>
                        <texture border="0,2,0,2">MenuItemNF.png</texture>
                        <visible>!Control.HasFocus(51)</visible>
                        <include>VisibleFadeEffect</include>
                    </control>
                    <control type="image">
                        <left>0</left>
                        <top>0</top>
                        <width>900</width>
                        <height>204</height>
                        <texture border="10" colordiffuse="$VAR[MainColorOne]">$VAR[SelectButton2]</texture>
                        <visible>Control.HasFocus(51)</visible>
                        <include>VisibleFadeEffect</include>
                    </control>
                    <control type="label">
                        <left>0</left>
                        <top>0</top>
                        <width>150</width>
                        <height>180</height>
                        <font>font20</font>
                        <textcolor>white</textcolor>
                        <selectedcolor>selected</selectedcolor>
                        <align>center</align>
                        <aligny>center</aligny>
                        <label>$INFO[ListItem.Label]</label>
                    </control>
                    <control type="image">
                        <left>165</left>
                        <top>8</top>
                        <width>120</width>
                        <height>120</height>
                        <aspectratio>keep</aspectratio>
                        <texture>$INFO[ListItem.Thumb]</texture>
                    </control>
                    <control type="label">
                        <left>300</left>
                        <top>0</top>
                        <width>585</width>
                        <height>105</height>
                        <font>font20</font>
                        <textcolor>white</textcolor>
                        <selectedcolor>selected</selectedcolor>
                        <align>right</align>
                        <aligny>center</aligny>
                        <label>$INFO[ListItem.Label2]</label>
                    </control>
                    <control type="textbox">
                        <left>8</left>
                        <top>123</top>
                        <width>885</width>
                        <height>72</height>
                        <font>font20</font>
                        <textcolor>white</textcolor>
                        <selectedcolor>selected</selectedcolor>
                        <align>center</align>
                        <label>$INFO[ListItem.ActualIcon]</label>
                    </control>
                </focusedlayout>
                <content>
                    <item>
                        <label></label>
                        <icon></icon>
                        <visible>!Weather.IsFetched</visible>
                    </item>
                    <include content="WeatherDefaultItem">
                        <param name="item_id" value="0" />
                    </include>
                    <include content="WeatherDefaultItem">
                        <param name="item_id" value="1" />
                    </include>
                    <include content="WeatherDefaultItem">
                        <param name="item_id" value="2" />
                    </include>
                    <include content="WeatherDefaultItem">
                        <param name="item_id" value="3" />
                    </include>
                    <include content="WeatherDefaultItem">
                        <param name="item_id" value="4" />
                    </include>
                    <include content="WeatherDefaultItem">
                        <param name="item_id" value="5" />
                    </include>
                    <include content="WeatherDefaultItem">
                        <param name="item_id" value="6" />
                    </include>
                    <include content="WeatherDailyItem">
                        <param name="item_id" value="1" />
                    </include>
                    <include content="WeatherDailyItem">
                        <param name="item_id" value="2" />
                    </include>
                    <include content="WeatherDailyItem">
                        <param name="item_id" value="3" />
                    </include>
                    <include content="WeatherDailyItem">
                        <param name="item_id" value="4" />
                    </include>
                    <include content="WeatherDailyItem">
                        <param name="item_id" value="5" />
                    </include>
                    <include content="WeatherDailyItem">
                        <param name="item_id" value="6" />
                    </include>
                    <include content="WeatherDailyItem">
                        <param name="item_id" value="7" />
                    </include>
                    <include content="WeatherDailyItem">
                        <param name="item_id" value="8" />
                    </include>
                    <include content="WeatherDailyItem">
                        <param name="item_id" value="9" />
                    </include>
                    <include content="WeatherDailyItem">
                        <param name="item_id" value="10" />
                    </include>
                    <include content="WeatherDailyItem">
                        <param name="item_id" value="11" />
                    </include>
                    <include content="WeatherDailyItem">
                        <param name="item_id" value="12" />
                    </include>
                    <include content="WeatherDailyItem">
                        <param name="item_id" value="13" />
                    </include>
                    <include content="WeatherDailyItem">
                        <param name="item_id" value="14" />
                    </include>
                </content>
            </control>
            <control type="scrollbar" id="61">
                <left>922</left>
                <top>90</top>
                <width>38</width>
                <height>810</height>
                <texturesliderbackground border="0,14,0,14">ScrollBarV.png</texturesliderbackground>
                <texturesliderbar border="0,14,0,14">ScrollBarV_bar.png</texturesliderbar>
                <texturesliderbarfocus border="0,14,0,14" colordiffuse="$VAR[MainColorOne]">ScrollBarV_bar_focus.png</texturesliderbarfocus>
                <textureslidernib colordiffuse="$VAR[MainColorOne]">ScrollBarNib.png</textureslidernib>
                <textureslidernibfocus colordiffuse="$VAR[MainColorOne]">ScrollBarNib.png</textureslidernibfocus>
                <onleft>51</onleft>
                <onright>800</onright>
                <showonepage>true</showonepage>
                <orientation>vertical</orientation>
                <visible>Control.IsVisible(51)</visible>
            </control>
            <control type="label">
                <depth>DepthFooter</depth>
                <animation effect="slide" start="0,0" end="-135,0" time="0" condition="system.getbool(input.enablemouse)">Conditional</animation>
                <description>number of files/pages</description>
                <right>645</right>
                <top>940</top>
                <width>855</width>
                <font>font20</font>
                <align>right</align>
                <scroll>true</scroll>
                <textcolor>grey</textcolor>
                <shadowcolor>black</shadowcolor>
                <label>([COLOR=$VAR[MainColorOne]]$INFO[Container(51).NumItems][/COLOR]) $LOCALIZE[12393] - $LOCALIZE[31024] ([COLOR=$VAR[MainColorOne]]$INFO[Container(51).CurrentPage]/$INFO[Container(51).NumPages][/COLOR])</label>
                <visible>Control.IsVisible(51)</visible>
            </control>
        </control>
    </include>
    <include name="WeatherDefaultItem">
        <item>
            <label>$INFO[Window.Property(Day$PARAM[item_id].Title)]</label>
            <icon>$VAR[WeatherIconPath]$INFO[Window.Property(Day.$PARAM[item_id].FanartCode),,.png]</icon>
            <property name="HighTemp">$INFO[Window.Property(Day$PARAM[item_id].HighTemp)]</property>
            <property name="LowTemp">$INFO[Window.Property(Day$PARAM[item_id].LowTemp)]</property>
            <property name="Outlook">$INFO[Window.Property(Day$PARAM[item_id].Outlook)]</property>
            <property name="TempUnits">$INFO[System.TemperatureUnits]</property>
            <visible>Weather.IsFetched + !String.IsEmpty(Window.Property(Day$PARAM[item_id].Outlook)) + String.IsEmpty(Window.Property(Daily.IsFetched))</visible>
        </item>
    </include>
    <include name="WeatherDailyItem">
        <item>
            <label>[B]$INFO[Window.Property(Daily.$PARAM[item_id].ShortDay)][/B][CR][COLOR=grey2]$INFO[Window.Property(Daily.$PARAM[item_id].ShortDate)][/COLOR]</label>
            <label2>$INFO[Window.Property(Daily.$PARAM[item_id].HighTemperature),[COLOR=grey2]$LOCALIZE[419] :[/COLOR][B] ,[/B]]  $INFO[Window.Property(Daily.$PARAM[item_id].LowTemperature),[COLOR=grey2]$LOCALIZE[418] :[/COLOR][B] ,[/B]][CR]$INFO[Window.Property(Daily.$PARAM[item_id].Precipitation),[COLOR=grey2]$LOCALIZE[33022] :[/COLOR][B] ,[/B]][CR]$INFO[Window.Property(Daily.$PARAM[item_id].Cloudiness),[COLOR=grey2]$LOCALIZE[387] :[/COLOR][B] ,[/B]]</label2>
            <thumb>$VAR[WeatherIconPath]$INFO[Window.Property(Daily.$PARAM[item_id].OutlookIcon)]</thumb>
            <icon>$INFO[Window.Property(Daily.$PARAM[item_id].Outlook),[COLOR=grey2]$LOCALIZE[33030]: [/COLOR]][CR][COLOR=grey2]$LOCALIZE[383]: [/COLOR]$INFO[Window.Property(Daily.$PARAM[item_id].WindSpeed)] $INFO[Window.Property(Daily.$PARAM[item_id].WindDirection)]</icon>
            <visible>Weather.IsFetched + !String.IsEmpty(Window.Property(Daily.$PARAM[item_id].Outlook)) + !String.IsEmpty(Window.Property(Daily.IsFetched))</visible>
        </item>
    </include>
    <include name="WeatherHourlyItem">
        <item>
            <label>[B]$INFO[Window.Property(Hourly.$PARAM[item_id].Time)][/B][CR][COLOR=grey2]$INFO[Window.Property(Hourly.$PARAM[item_id].ShortDate)][/COLOR]</label>
            <label2>$INFO[Window.Property(Hourly.$PARAM[item_id].Temperature),[COLOR=grey2]$LOCALIZE[401] :[/COLOR][B] ,[/B]]  $INFO[Window.Property(Hourly.$PARAM[item_id].FeelsLike),[COLOR=grey2]$LOCALIZE[402] :[/COLOR][B] ,[/B]][CR]$INFO[Window.Property(Hourly.$PARAM[item_id].Humidity),[COLOR=grey2]$LOCALIZE[406] :[/COLOR][B] ,[/B]][CR]$INFO[Window.Property(Hourly.$PARAM[item_id].Precipitation),[COLOR=grey2]$LOCALIZE[1448] :[/COLOR][B] ,[/B]]</label2>
            <thumb>$VAR[WeatherIconPath]$INFO[Window.Property(Hourly.$PARAM[item_id].OutlookIcon)]</thumb>
            <icon>$INFO[Window.Property(Hourly.$PARAM[item_id].Outlook),[COLOR=grey2]$LOCALIZE[33030]: [/COLOR]][CR][COLOR=grey2]$LOCALIZE[383]: [/COLOR]$INFO[Window.Property(Hourly.$PARAM[item_id].WindSpeed)] $INFO[Window.Property(Hourly.$PARAM[item_id].WindDirection)]</icon>
            <visible>Weather.IsFetched + !String.IsEmpty(Window.Property(Hourly.$PARAM[item_id].Outlook)) + !String.IsEmpty(Window.Property(Hourly.IsFetched))</visible>
        </item>
    </include>
    <include name="WeatherMapItem">
        <item>
            <label>$INFO[Window.Property(Map.$PARAM[item_id].Heading)]</label>
            <label2>$INFO[Window.Property(Map.$PARAM[item_id].Legend)]</label2>
            <icon>$INFO[Window.Property(Map.$PARAM[item_id].Area)]</icon>
            <property name="Layer">$INFO[Window.Property(Map.$PARAM[item_id].Layer)]</property>
            <visible>Weather.IsFetched + !String.IsEmpty(Window.Property(Map.$PARAM[item_id].Area)) + !String.IsEmpty(Window.Property(Map.IsFetched))</visible>
        </item>
    </include>
    <include name="Weather36Hour">
        <control type="group">
            <visible>String.IsEqual(Window.Property(Weather.CurrentView),36hour) + !String.IsEmpty(Window.Property(36Hour.IsFetched))</visible>
            <include>VisibleFadeEffect</include>
            <control type="button" id="997">
                <description>Hidden Button for focus</description>
                <left>-900</left>
                <top>-30</top>
                <width>1</width>
                <height>1</height>
                <texturenofocus></texturenofocus>
                <texturefocus></texturefocus>
                <onleft>9000</onleft>
                <onright>9000</onright>
            </control>
            <control type="label">
                <description>header label</description>
                <left>30</left>
                <top>22</top>
                <width>915</width>
                <height>45</height>
                <font>font22_title</font>
                <label>31901</label>
                <align>center</align>
                <aligny>center</aligny>
                <textcolor>white</textcolor>
                <shadowcolor>black</shadowcolor>
            </control>
            <control type="group">
                <left>30</left>
                <top>75</top>
                <control type="group">
                    <left>0</left>
                    <top>0</top>
                    <control type="label">
                        <left>0</left>
                        <top>8</top>
                        <width>900</width>
                        <height>45</height>
                        <font>font22_title</font>
                        <textcolor>$VAR[MainColorOne]</textcolor>
                        <align>center</align>
                        <aligny>center</aligny>
                        <label>$INFO[Window.Property(36Hour.1.Heading)]</label>
                    </control>
                    <control type="image">
                        <left>0</left>
                        <top>15</top>
                        <width>180</width>
                        <height>165</height>
                        <aspectratio>keep</aspectratio>
                        <texture>$VAR[WeatherIconPath]$INFO[Window.Property(36Hour.1.OutlookIcon)]</texture>
                    </control>
                    <control type="label">
                        <left>180</left>
                        <top>60</top>
                        <width>150</width>
                        <height>60</height>
                        <font>font22_title</font>
                        <textcolor>white</textcolor>
                        <selectedcolor>selected</selectedcolor>
                        <align>center</align>
                        <aligny>center</aligny>
                        <label>[COLOR=grey2]$INFO[Window.Property(36Hour.1.TemperatureHeading)][CR][/COLOR]$INFO[Window.Property(36Hour.1.Temperature),[B] ,[/B]]</label>
                    </control>
                    <control type="label">
                        <right>135</right>
                        <top>30</top>
                        <width>585</width>
                        <height>195</height>
                        <font>font20</font>
                        <textcolor>white</textcolor>
                        <selectedcolor>selected</selectedcolor>
                        <align>right</align>
                        <aligny>center</aligny>
                        <label>$INFO[Window.Property(36Hour.1.FeelsLike),[COLOR=grey2]$LOCALIZE[402] :[/COLOR][B] ,[/B]][CR][CR]$INFO[Window.Property(36Hour.1.Precipitation),[COLOR=grey2]$LOCALIZE[33021] :[/COLOR][B] ,[/B]][CR][CR]$INFO[Window.Property(36Hour.1.Cloudiness),[COLOR=grey2]$LOCALIZE[387] :[/COLOR][B] ,[/B]]</label>
                    </control>
                    <control type="textbox">
                        <left>0</left>
                        <top>220</top>
                        <width>885</width>
                        <height>102</height>
                        <font>font20</font>
                        <textcolor>white</textcolor>
                        <selectedcolor>selected</selectedcolor>
                        <align>center</align>
                        <label>$INFO[Window.Property(36hour.1.Outlook),[COLOR=grey2]$LOCALIZE[31905]: [/COLOR]]</label>
                    </control>
                    <control type="image">
                        <left>0</left>
                        <top>270</top>
                        <width>975</width>
                        <height>6</height>
                        <texture>separator.png</texture>
                    </control>
                </control>
                <control type="group">
                    <left>0</left>
                    <top>278</top>
                    <control type="label">
                        <left>0</left>
                        <top>8</top>
                        <width>900</width>
                        <height>45</height>
                        <font>font22_title</font>
                        <textcolor>$VAR[MainColorOne]</textcolor>
                        <align>center</align>
                        <aligny>center</aligny>
                        <label>$INFO[Window.Property(36Hour.2.Heading)]</label>
                    </control>
                    <control type="image">
                        <left>0</left>
                        <top>15</top>
                        <width>180</width>
                        <height>165</height>
                        <aspectratio>keep</aspectratio>
                        <texture>$VAR[WeatherIconPath]$INFO[Window.Property(36Hour.2.OutlookIcon)]</texture>
                    </control>
                    <control type="label">
                        <left>180</left>
                        <top>60</top>
                        <width>150</width>
                        <height>60</height>
                        <font>font22_title</font>
                        <textcolor>white</textcolor>
                        <selectedcolor>selected</selectedcolor>
                        <align>center</align>
                        <aligny>center</aligny>
                        <label>[COLOR=grey2]$INFO[Window.Property(36Hour.2.TemperatureHeading)][CR][/COLOR]$INFO[Window.Property(36Hour.2.Temperature),[B] ,[/B]]</label>
                    </control>
                    <control type="label">
                        <right>135</right>
                        <top>30</top>
                        <width>585</width>
                        <height>195</height>
                        <font>font20</font>
                        <textcolor>white</textcolor>
                        <selectedcolor>selected</selectedcolor>
                        <align>right</align>
                        <aligny>center</aligny>
                        <label>$INFO[Window.Property(36Hour.2.FeelsLike),[COLOR=grey2]$LOCALIZE[402] :[/COLOR][B] ,[/B]][CR][CR]$INFO[Window.Property(36Hour.2.Precipitation),[COLOR=grey2]$LOCALIZE[33021] :[/COLOR][B] ,[/B]][CR][CR]$INFO[Window.Property(36Hour.2.Cloudiness),[COLOR=grey2]$LOCALIZE[387] :[/COLOR][B] ,[/B]]</label>
                    </control>
                    <control type="textbox">
                        <left>0</left>
                        <top>220</top>
                        <width>885</width>
                        <height>102</height>
                        <font>font20</font>
                        <textcolor>white</textcolor>
                        <selectedcolor>selected</selectedcolor>
                        <align>center</align>
                        <label>$INFO[Window.Property(36hour.2.Outlook),[COLOR=grey2]$LOCALIZE[31905]: [/COLOR]]</label>
                    </control>
                    <control type="image">
                        <left>0</left>
                        <top>270</top>
                        <width>975</width>
                        <height>6</height>
                        <texture>separator.png</texture>
                    </control>
                </control>
                <control type="group">
                    <left>0</left>
                    <top>555</top>
                    <control type="label">
                        <left>0</left>
                        <top>8</top>
                        <width>900</width>
                        <height>45</height>
                        <font>font22_title</font>
                        <textcolor>$VAR[MainColorOne]</textcolor>
                        <align>center</align>
                        <aligny>center</aligny>
                        <label>$INFO[Window.Property(36Hour.3.Heading)]</label>
                    </control>
                    <control type="image">
                        <left>0</left>
                        <top>15</top>
                        <width>180</width>
                        <height>165</height>
                        <aspectratio>keep</aspectratio>
                        <texture>$VAR[WeatherIconPath]$INFO[Window.Property(36Hour.3.OutlookIcon)]</texture>
                    </control>
                    <control type="label">
                        <left>180</left>
                        <top>60</top>
                        <width>150</width>
                        <height>60</height>
                        <font>font22_title</font>
                        <textcolor>white</textcolor>
                        <selectedcolor>selected</selectedcolor>
                        <align>center</align>
                        <aligny>center</aligny>
                        <label>[COLOR=grey2]$INFO[Window.Property(36Hour.3.TemperatureHeading)][CR][/COLOR]$INFO[Window.Property(36Hour.3.Temperature),[B] ,[/B]]</label>
                    </control>
                    <control type="label">
                        <right>135</right>
                        <top>30</top>
                        <width>585</width>
                        <height>195</height>
                        <font>font20</font>
                        <textcolor>white</textcolor>
                        <selectedcolor>selected</selectedcolor>
                        <align>right</align>
                        <aligny>center</aligny>
                        <label>$INFO[Window.Property(36Hour.3.FeelsLike),[COLOR=grey2]$LOCALIZE[402] :[/COLOR][B] ,[/B]][CR][CR]$INFO[Window.Property(36Hour.3.Precipitation),[COLOR=grey2]$LOCALIZE[33021] :[/COLOR][B] ,[/B]][CR][CR]$INFO[Window.Property(36Hour.3.Cloudiness),[COLOR=grey2]$LOCALIZE[387] :[/COLOR][B] ,[/B]]</label>
                    </control>
                    <control type="textbox">
                        <left>0</left>
                        <top>220</top>
                        <width>885</width>
                        <height>102</height>
                        <font>font20</font>
                        <textcolor>white</textcolor>
                        <selectedcolor>selected</selectedcolor>
                        <align>center</align>
                        <label>$INFO[Window.Property(36hour.3.Outlook),[COLOR=grey2]$LOCALIZE[31905]: [/COLOR]]</label>
                    </control>
                </control>
            </control>
        </control>
    </include>
    <include name="WeatherWeekend">
        <control type="group">
            <visible>String.IsEqual(Window.Property(Weather.CurrentView),weekend) + !String.IsEmpty(Window.Property(Weekend.IsFetched))</visible>
            <include>VisibleFadeEffect</include>
            <control type="button" id="998">
                <description>Hidden Button for focus</description>
                <left>-900</left>
                <top>-30</top>
                <width>1</width>
                <height>1</height>
                <texturenofocus></texturenofocus>
                <texturefocus></texturefocus>
                <onleft>9000</onleft>
                <onright>9000</onright>
            </control>
            <control type="label">
                <description>header label</description>
                <left>30</left>
                <top>22</top>
                <width>915</width>
                <height>45</height>
                <font>font22_title</font>
                <label>31903</label>
                <align>center</align>
                <aligny>center</aligny>
                <textcolor>white</textcolor>
                <shadowcolor>black</shadowcolor>
            </control>
            <control type="group">
                <left>30</left>
                <top>75</top>
                <control type="group">
                    <left>0</left>
                    <top>0</top>
                    <control type="label">
                        <left>0</left>
                        <top>8</top>
                        <width>900</width>
                        <height>45</height>
                        <font>font22_title</font>
                        <textcolor>$VAR[MainColorOne]</textcolor>
                        <align>center</align>
                        <aligny>center</aligny>
                        <label>$INFO[Window.Property(Weekend.1.LongDay)] - $INFO[Window.Property(Weekend.1.ShortDate)]</label>
                    </control>
                    <control type="image">
                        <left>15</left>
                        <top>30</top>
                        <width>195</width>
                        <height>240</height>
                        <aspectratio>keep</aspectratio>
                        <texture>$VAR[WeatherIconPath]$INFO[Window.Property(Weekend.1.OutlookIcon)]</texture>
                    </control>
                    <control type="label">
                        <left>210</left>
                        <top>60</top>
                        <width>150</width>
                        <height>75</height>
                        <font>font22_title</font>
                        <textcolor>white</textcolor>
                        <selectedcolor>selected</selectedcolor>
                        <align>center</align>
                        <aligny>center</aligny>
                        <label>[COLOR=grey2]$LOCALIZE[393][CR][/COLOR]$INFO[Window.Property(Weekend.1.HighTemperature),[B] ,[/B]]</label>
                    </control>
                    <control type="label">
                        <left>210</left>
                        <top>150</top>
                        <width>150</width>
                        <height>75</height>
                        <font>font22_title</font>
                        <textcolor>white</textcolor>
                        <selectedcolor>selected</selectedcolor>
                        <align>center</align>
                        <aligny>center</aligny>
                        <label>[COLOR=grey2]$LOCALIZE[391][CR][/COLOR]$INFO[Window.Property(Weekend.1.LowTemperature),[B] ,[/B]]</label>
                    </control>
                    <control type="textbox">
                        <left>360</left>
                        <top>63</top>
                        <width>525</width>
                        <height>192</height>
                        <font>font20</font>
                        <textcolor>white</textcolor>
                        <align>right</align>
                        <label>$INFO[Window.Property(Weekend.1.Humidity),[COLOR=grey2]$LOCALIZE[406] :[/COLOR][B] ,[/B]][CR][CR]$INFO[Window.Property(Weekend.1.Cloudiness),[COLOR=grey2]$LOCALIZE[387] :[/COLOR][B] ,[/B]][CR][CR]$INFO[Window.Property(Weekend.1.Precipitation),[COLOR=grey2]$LOCALIZE[33021] :[/COLOR][B] ,[/B]]</label>
                    </control>
                    <control type="label">
                        <left>0</left>
                        <top>270</top>
                        <width>885</width>
                        <height>30</height>
                        <font>font20</font>
                        <textcolor>white</textcolor>
                        <selectedcolor>selected</selectedcolor>
                        <align>center</align>
                        <aligny>center</aligny>
                        <label>$INFO[Window.Property(Weekend.1.WindSpeed),[COLOR=grey2]$LOCALIZE[404]: [/COLOR]]$INFO[Window.Property(Weekend.1.WindDirection), - ]</label>
                    </control>
                    <control type="textbox">
                        <left>0</left>
                        <top>326</top>
                        <width>885</width>
                        <height>102</height>
                        <font>font20</font>
                        <textcolor>white</textcolor>
                        <selectedcolor>selected</selectedcolor>
                        <align>center</align>
                        <label>$INFO[Window.Property(Weekend.1.Outlook),[COLOR=grey2]$LOCALIZE[31905]: [/COLOR]][CR]</label>
                    </control>
                    <control type="image">
                        <left>0</left>
                        <top>405</top>
                        <width>975</width>
                        <height>6</height>
                        <texture>separator.png</texture>
                    </control>
                </control>
                <control type="group">
                    <left>0</left>
                    <top>420</top>
                    <control type="label">
                        <left>0</left>
                        <top>8</top>
                        <width>900</width>
                        <height>45</height>
                        <font>font22_title</font>
                        <textcolor>$VAR[MainColorOne]</textcolor>
                        <align>center</align>
                        <aligny>center</aligny>
                        <label>$INFO[Window.Property(Weekend.2.LongDay)] - $INFO[Window.Property(Weekend.2.ShortDate)]</label>
                    </control>
                    <control type="image">
                        <left>15</left>
                        <top>30</top>
                        <width>195</width>
                        <height>240</height>
                        <aspectratio>keep</aspectratio>
                        <texture>$VAR[WeatherIconPath]$INFO[Window.Property(Weekend.2.OutlookIcon)]</texture>
                    </control>
                    <control type="label">
                        <left>210</left>
                        <top>60</top>
                        <width>150</width>
                        <height>75</height>
                        <font>font22_title</font>
                        <textcolor>white</textcolor>
                        <selectedcolor>selected</selectedcolor>
                        <align>center</align>
                        <aligny>center</aligny>
                        <label>[COLOR=grey2]$LOCALIZE[393][CR][/COLOR]$INFO[Window.Property(Weekend.2.HighTemperature),[B] ,[/B]]</label>
                    </control>
                    <control type="label">
                        <left>210</left>
                        <top>150</top>
                        <width>150</width>
                        <height>75</height>
                        <font>font22_title</font>
                        <textcolor>white</textcolor>
                        <selectedcolor>selected</selectedcolor>
                        <align>center</align>
                        <aligny>center</aligny>
                        <label>[COLOR=grey2]$LOCALIZE[391][CR][/COLOR]$INFO[Window.Property(Weekend.2.LowTemperature),[B] ,[/B]]</label>
                    </control>
                    <control type="textbox">
                        <left>360</left>
                        <top>63</top>
                        <width>525</width>
                        <height>192</height>
                        <font>font20</font>
                        <textcolor>white</textcolor>
                        <align>right</align>
                        <label>$INFO[Window.Property(Weekend.2.Humidity),[COLOR=grey2]$LOCALIZE[406] :[/COLOR][B] ,[/B]][CR][CR]$INFO[Window.Property(Weekend.2.Cloudiness),[COLOR=grey2]$LOCALIZE[387] :[/COLOR][B] ,[/B]][CR][CR]$INFO[Window.Property(Weekend.2.Precipitation),[COLOR=grey2]$LOCALIZE[33021] :[/COLOR][B] ,[/B]]</label>
                    </control>
                    <control type="label">
                        <left>0</left>
                        <top>270</top>
                        <width>885</width>
                        <height>30</height>
                        <font>font20</font>
                        <textcolor>white</textcolor>
                        <selectedcolor>selected</selectedcolor>
                        <align>center</align>
                        <aligny>center</aligny>
                        <label>$INFO[Window.Property(Weekend.2.WindSpeed),[COLOR=grey2]$LOCALIZE[404]: [/COLOR]]$INFO[Window.Property(Weekend.2.WindDirection), - ]</label>
                    </control>
                    <control type="textbox">
                        <left>0</left>
                        <top>326</top>
                        <width>885</width>
                        <height>102</height>
                        <font>font20</font>
                        <textcolor>white</textcolor>
                        <selectedcolor>selected</selectedcolor>
                        <align>center</align>
                        <label>$INFO[Window.Property(Weekend.2.Outlook),[COLOR=grey2]$LOCALIZE[31905]: [/COLOR]][CR]</label>
                    </control>
                </control>
            </control>
        </control>
    </include>
    <include name="WeatherHourly">
        <control type="group">
            <control type="label">
                <description>header label</description>
                <left>30</left>
                <top>22</top>
                <width>915</width>
                <height>45</height>
                <font>font22_title</font>
                <label>31902</label>
                <align>center</align>
                <aligny>center</aligny>
                <textcolor>white</textcolor>
                <shadowcolor>black</shadowcolor>
                <include>VisibleFadeEffect</include>
                <visible>Control.IsVisible(52)</visible>
            </control>
            <control type="list" id="52">
                <left>22</left>
                <top>90</top>
                <width>900</width>
                <height>812</height>
                <onleft>9000</onleft>
                <onright>62</onright>
                <onup>52</onup>
                <ondown>52</ondown>
                <viewtype label="535">list</viewtype>
                <pagecontrol>62</pagecontrol>
                <scrolltime>200</scrolltime>
                <include>VisibleFadeEffect</include>
                <visible>String.IsEqual(Window.Property(Weather.CurrentView),hourly) + !String.IsEmpty(Window.Property(Hourly.IsFetched))</visible>
                <itemlayout height="202" width="900">
                    <control type="image">
                        <left>0</left>
                        <top>0</top>
                        <width>900</width>
                        <height>204</height>
                        <texture border="0,5,0,5">MenuItemNF.png</texture>
                    </control>
                    <control type="label">
                        <left>0</left>
                        <top>0</top>
                        <width>150</width>
                        <height>180</height>
                        <font>font20</font>
                        <textcolor>white</textcolor>
                        <selectedcolor>selected</selectedcolor>
                        <align>center</align>
                        <aligny>center</aligny>
                        <label>$INFO[ListItem.Label]</label>
                    </control>
                    <control type="image">
                        <left>165</left>
                        <top>8</top>
                        <width>120</width>
                        <height>120</height>
                        <aspectratio>keep</aspectratio>
                        <texture>$INFO[ListItem.Thumb]</texture>
                    </control>
                    <control type="label">
                        <left>300</left>
                        <top>8</top>
                        <width>585</width>
                        <height>105</height>
                        <font>font20</font>
                        <textcolor>white</textcolor>
                        <selectedcolor>selected</selectedcolor>
                        <align>right</align>
                        <aligny>center</aligny>
                        <label>$INFO[ListItem.Label2]</label>
                    </control>
                    <control type="textbox">
                        <left>8</left>
                        <top>123</top>
                        <width>885</width>
                        <height>72</height>
                        <font>font20</font>
                        <textcolor>white</textcolor>
                        <selectedcolor>selected</selectedcolor>
                        <align>center</align>
                        <label>$INFO[ListItem.ActualIcon]</label>
                    </control>
                </itemlayout>
                <focusedlayout height="202" width="900">
                    <control type="image">
                        <left>0</left>
                        <top>0</top>
                        <width>900</width>
                        <height>204</height>
                        <texture border="0,2,0,2">MenuItemNF.png</texture>
                        <visible>!Control.HasFocus(52)</visible>
                        <include>VisibleFadeEffect</include>
                    </control>
                    <control type="image">
                        <left>0</left>
                        <top>0</top>
                        <width>900</width>
                        <height>204</height>
                        <texture border="10" colordiffuse="$VAR[MainColorOne]">$VAR[SelectButton2]</texture>
                        <visible>Control.HasFocus(52)</visible>
                        <include>VisibleFadeEffect</include>
                    </control>
                    <control type="label">
                        <left>0</left>
                        <top>0</top>
                        <width>150</width>
                        <height>180</height>
                        <font>font20</font>
                        <textcolor>white</textcolor>
                        <selectedcolor>selected</selectedcolor>
                        <align>center</align>
                        <aligny>center</aligny>
                        <label>$INFO[ListItem.Label]</label>
                    </control>
                    <control type="image">
                        <left>165</left>
                        <top>8</top>
                        <width>120</width>
                        <height>120</height>
                        <aspectratio>keep</aspectratio>
                        <texture>$INFO[ListItem.Thumb]</texture>
                    </control>
                    <control type="label">
                        <left>300</left>
                        <top>8</top>
                        <width>585</width>
                        <height>105</height>
                        <font>font20</font>
                        <textcolor>white</textcolor>
                        <selectedcolor>selected</selectedcolor>
                        <align>right</align>
                        <aligny>center</aligny>
                        <label>$INFO[ListItem.Label2]</label>
                    </control>
                    <control type="textbox">
                        <left>8</left>
                        <top>123</top>
                        <width>885</width>
                        <height>72</height>
                        <font>font20</font>
                        <textcolor>white</textcolor>
                        <selectedcolor>selected</selectedcolor>
                        <align>center</align>
                        <label>$INFO[ListItem.ActualIcon]</label>
                    </control>
                </focusedlayout>
                <content>
                    <item>
                        <icon>$LOCALIZE[31909]</icon>
                        <visible>String.IsEmpty(Window.Property(Hourly.IsFetched))</visible>
                    </item>
                    <include content="WeatherHourlyItem">
                        <param name="item_id" value="1" />
                    </include>
                    <include content="WeatherHourlyItem">
                        <param name="item_id" value="2" />
                    </include>
                    <include content="WeatherHourlyItem">
                        <param name="item_id" value="3" />
                    </include>
                    <include content="WeatherHourlyItem">
                        <param name="item_id" value="4" />
                    </include>
                    <include content="WeatherHourlyItem">
                        <param name="item_id" value="5" />
                    </include>
                    <include content="WeatherHourlyItem">
                        <param name="item_id" value="6" />
                    </include>
                    <include content="WeatherHourlyItem">
                        <param name="item_id" value="7" />
                    </include>
                    <include content="WeatherHourlyItem">
                        <param name="item_id" value="8" />
                    </include>
                    <include content="WeatherHourlyItem">
                        <param name="item_id" value="9" />
                    </include>
                    <include content="WeatherHourlyItem">
                        <param name="item_id" value="10" />
                    </include>
                    <include content="WeatherHourlyItem">
                        <param name="item_id" value="11" />
                    </include>
                    <include content="WeatherHourlyItem">
                        <param name="item_id" value="12" />
                    </include>
                    <include content="WeatherHourlyItem">
                        <param name="item_id" value="13" />
                    </include>
                    <include content="WeatherHourlyItem">
                        <param name="item_id" value="14" />
                    </include>
                    <include content="WeatherHourlyItem">
                        <param name="item_id" value="15" />
                    </include>
                    <include content="WeatherHourlyItem">
                        <param name="item_id" value="16" />
                    </include>
                    <include content="WeatherHourlyItem">
                        <param name="item_id" value="17" />
                    </include>
                    <include content="WeatherHourlyItem">
                        <param name="item_id" value="18" />
                    </include>
                    <include content="WeatherHourlyItem">
                        <param name="item_id" value="19" />
                    </include>
                    <include content="WeatherHourlyItem">
                        <param name="item_id" value="20" />
                    </include>
                    <include content="WeatherHourlyItem">
                        <param name="item_id" value="21" />
                    </include>
                    <include content="WeatherHourlyItem">
                        <param name="item_id" value="22" />
                    </include>
                    <include content="WeatherHourlyItem">
                        <param name="item_id" value="23" />
                    </include>
                    <include content="WeatherHourlyItem">
                        <param name="item_id" value="24" />
                    </include>
                </content>
            </control>
            <control type="scrollbar" id="62">
                <left>922</left>
                <top>90</top>
                <width>38</width>
                <height>810</height>
                <texturesliderbackground border="0,14,0,14">ScrollBarV.png</texturesliderbackground>
                <texturesliderbar border="0,14,0,14">ScrollBarV_bar.png</texturesliderbar>
                <texturesliderbarfocus border="0,14,0,14" colordiffuse="$VAR[MainColorOne]">ScrollBarV_bar_focus.png</texturesliderbarfocus>
                <textureslidernib colordiffuse="$VAR[MainColorOne]">ScrollBarNib.png</textureslidernib>
                <textureslidernibfocus colordiffuse="$VAR[MainColorOne]">ScrollBarNib.png</textureslidernibfocus>
                <onleft>52</onleft>
                <onright>800</onright>
                <showonepage>true</showonepage>
                <orientation>vertical</orientation>
                <include>VisibleFadeEffect</include>
                <visible>Control.IsVisible(52)</visible>
            </control>
            <control type="label">
                <depth>DepthFooter</depth>
                <animation effect="slide" start="0,0" end="-135,0" time="0" condition="system.getbool(input.enablemouse)">Conditional</animation>
                <description>number of files/pages</description>
                <right>645</right>
                <top>940</top>
                <width>855</width>
                <font>font20</font>
                <align>right</align>
                <scroll>true</scroll>
                <textcolor>grey</textcolor>
                <shadowcolor>black</shadowcolor>
                <label>([COLOR=$VAR[MainColorOne]]$INFO[Container(52).NumItems][/COLOR]) $LOCALIZE[31025] - $LOCALIZE[31024] ([COLOR=$VAR[MainColorOne]]$INFO[Container(52).CurrentPage]/$INFO[Container(52).NumPages][/COLOR])</label>
                <include>VisibleFadeEffect</include>
                <visible>Control.IsVisible(52)</visible>
            </control>
        </control>
    </include>
    <include name="WeatherMaps">
        <control type="group">
            <visible>String.IsEqual(Window.Property(Weather.CurrentView),map) + !String.IsEmpty(Window.Property(Map.IsFetched))</visible>
            <include>VisibleFadeEffect</include>
            <control type="label">
                <description>header label</description>
                <left>30</left>
                <top>22</top>
                <width>915</width>
                <height>45</height>
                <font>font22_title</font>
                <label>31910</label>
                <align>center</align>
                <aligny>center</aligny>
                <textcolor>white</textcolor>
                <shadowcolor>black</shadowcolor>
            </control>
            <control type="image">
                <description>Background image</description>
                <left>38</left>
                <top>98</top>
                <width>900</width>
                <height>720</height>
                <texture border="5">button-nofocus.png</texture>
            </control>
            <control type="button" id="992">
                <left>870</left>
                <top>848</top>
                <width>38</width>
                <height>38</height>
                <label></label>
                <texturefocus colordiffuse="$VAR[MainColorOne]">scroll-right-focus.png</texturefocus>
                <texturenofocus>scroll-right.png</texturenofocus>
                <onleft>991</onleft>
                <onright>9000</onright>
                <onclick>Control.Move(53,1)</onclick>
            </control>
            <control type="button" id="991">
                <left>68</left>
                <top>848</top>
                <width>38</width>
                <height>38</height>
                <label></label>
                <texturefocus colordiffuse="$VAR[MainColorOne]">scroll-left-focus.png</texturefocus>
                <texturenofocus>scroll-left.png</texturenofocus>
                <onleft>9000</onleft>
                <onright>992</onright>
                <onclick>Control.Move(53,-1)</onclick>
            </control>
            <control type="label">
                <description>heading label</description>
                <left>112</left>
                <top>848</top>
                <width>750</width>
                <height>45</height>
                <font>font22_title</font>
                <label>$INFO[Container(53).ListItem.Label]</label>
                <align>center</align>
                <aligny>center</aligny>
                <textcolor>white</textcolor>
                <shadowcolor>black</shadowcolor>
            </control>
            <control type="list" id="53">
                <left>45</left>
                <top>105</top>
                <width>885</width>
                <height>705</height>
                <onleft>9000</onleft>
                <onright>9000</onright>
                <onup>9000</onup>
                <ondown>9000</ondown>
                <viewtype label="535">list</viewtype>
                <scrolltime>200</scrolltime>
                <orientation>horizontal</orientation>
                <include>VisibleFadeEffect</include>
                <visible>String.IsEqual(Window.Property(Weather.CurrentView),map) + !String.IsEmpty(Window.Property(Map.IsFetched))</visible>
                <itemlayout height="705" width="885">
                    <control type="image">
                        <description>area image</description>
                        <left>0</left>
                        <top>0</top>
                        <width>885</width>
                        <height>705</height>
                        <texture>$INFO[ListItem.Icon]</texture>
                        <aspectratio>scale</aspectratio>
                    </control>
                    <control type="image">
                        <description>layer image</description>
                        <left>0</left>
                        <top>0</top>
                        <width>885</width>
                        <height>705</height>
                        <texture>$INFO[ListItem.Property(Layer)]</texture>
                        <aspectratio>scale</aspectratio>
                        <colordiffuse>70FFFFFF</colordiffuse>
                    </control>
                    <control type="image">
                        <description>legend image</description>
                        <left>540</left>
                        <top>645</top>
                        <width>336</width>
                        <height>52</height>
                        <texture>$INFO[ListItem.Label2]</texture>
                    </control>
                </itemlayout>
                <focusedlayout height="735" width="885">
                    <control type="image">
                        <description>layer image</description>
                        <left>0</left>
                        <top>0</top>
                        <width>885</width>
                        <height>705</height>
                        <texture>$INFO[ListItem.Icon]</texture>
                        <aspectratio>scale</aspectratio>
                    </control>
                    <control type="image">
                        <description>area image</description>
                        <left>0</left>
                        <top>0</top>
                        <width>885</width>
                        <height>705</height>
                        <texture>$INFO[ListItem.Property(Layer)]</texture>
                        <aspectratio>scale</aspectratio>
                        <colordiffuse>70FFFFFF</colordiffuse>
                    </control>
                    <control type="image">
                        <description>legend image</description>
                        <left>540</left>
                        <top>645</top>
                        <width>336</width>
                        <height>52</height>
                        <texture>$INFO[ListItem.Label2]</texture>
                    </control>
                </focusedlayout>
                <content>
                    <include content="WeatherMapItem">
                        <param name="item_id" value="1" />
                    </include>
                    <include content="WeatherMapItem">
                        <param name="item_id" value="2" />
                    </include>
                    <include content="WeatherMapItem">
                        <param name="item_id" value="3" />
                    </include>
                    <include content="WeatherMapItem">
                        <param name="item_id" value="4" />
                    </include>
                    <include content="WeatherMapItem">
                        <param name="item_id" value="5" />
                    </include>
                </content>
            </control>
            <control type="image">
                <left>0</left>
                <top>825</top>
                <width>975</width>
                <height>6</height>
                <texture>separator.png</texture>
            </control>
        </control>
    </include>
    <include name="WeatherAlerts">
        <control type="group">
            <visible>String.IsEqual(Window.Property(Weather.CurrentView),alerts) + !String.IsEmpty(Window.Property(Alerts.IsFetched))</visible>
            <include>VisibleFadeEffect</include>
            <control type="button" id="996">
                <description>Hidden Button for focus</description>
                <left>-900</left>
                <top>-30</top>
                <width>1</width>
                <height>1</height>
                <texturenofocus></texturenofocus>
                <texturefocus></texturefocus>
                <onleft>9000</onleft>
                <onright>9000</onright>
            </control>
            <control type="label">
                <description>header label</description>
                <left>30</left>
                <top>22</top>
                <width>915</width>
                <height>45</height>
                <font>font22_title</font>
                <label>33050</label>
                <align>center</align>
                <aligny>center</aligny>
                <textcolor>white</textcolor>
                <shadowcolor>black</shadowcolor>
            </control>
            <control type="label">
                <left>60</left>
                <top>112</top>
                <width>855</width>
                <height>45</height>
                <font>font22_title</font>
                <textcolor>$VAR[MainColorOne]</textcolor>
                <align>center</align>
                <aligny>center</aligny>
                <label>$LOCALIZE[33050]</label>
            </control>
            <control type="group">
                <visible>!String.IsEqual(Window.Property(Alerts.Count),0)</visible>
                <control type="textbox">
                    <left>60</left>
                    <top>176</top>
                    <width>855</width>
                    <height>597</height>
                    <font>font20</font>
                    <textcolor>white</textcolor>
                    <selectedcolor>selected</selectedcolor>
                    <align>center</align>
                    <label>$INFO[Window.Property(Alerts)]</label>
                    <autoscroll time="2000" delay="3000" repeat="5000">Skin.HasSetting(AutoScroll)</autoscroll>
                </control>
            </control>
            <control type="label">
                <left>60</left>
                <top>300</top>
                <width>855</width>
                <height>45</height>
                <font>font22_title</font>
                <textcolor>white</textcolor>
                <align>center</align>
                <aligny>center</aligny>
                <label>$LOCALIZE[19055]</label>
                <visible>String.IsEqual(Window.Property(Alerts.Count),0)</visible>
            </control>
        </control>
    </include>
</includes>
