<?xml version="1.0" encoding="UTF-8"?>
<addon id="repository.linxrepo" name="Linx REPO" version="1.0.0" provider-name="Linx">
    <extension point="xbmc.addon.repository" name="Linx REPO">
		<dir>
			<info compressed="false">https://raw.githubusercontent.com/addoncod/balkanlink/main/_linx/addons.xml</info>
			<checksum>https://raw.githubusercontent.com/addoncod/balkanlink/main/_linx/addons.xml.md5</checksum>
			<datadir zip="true">https://raw.githubusercontent.com/addoncod/balkanlink/main/_linx/</datadir>
			<hashes>false</hashes>
		</dir>
	</extension>
    <extension point="xbmc.addon.metadata">
        <summary>A short summary of this repository</summary>
        <description>The description can be longer. Using [CR] you can create a newline. The use of other markup is not advised.</description>
        <platform>all</platform>
    </extension>
</addon>