<?xml version="1.0" encoding="UTF-8"?>
<window>
    <defaultcontrol always="true">2</defaultcontrol>
    <controls>
        <control type="button" id="2">
            <include>InvisibleButton</include>
            <onclick>ActivateWindow(1198)</onclick>
        </control>
        <control type="group">
            <visible>!Skin.HasSetting(HidePopUpSeekBar) + !Skin.HasSetting(Show_SlideShow_Paused) + !Window.IsActive(1198)</visible>
            <visible>SlideShow.IsPaused</visible>
            <left>758r</left>
            <top>-9</top>
            <include>VisibleFadeEffect</include>
            <control type="image">
                <left>0</left>
                <top>0</top>
                <width>225</width>
                <height>105</height>
                <colordiffuse>EEFFFFFF</colordiffuse>
                <texture border="12">OverlayDialogBackground.png</texture>
            </control>
            <control type="label" id="1">
                <description>Chapter Pos No</description>
                <left>30</left>
                <top>15</top>
                <width>165</width>
                <height>30</height>
                <align>center</align>
                <aligny>center</aligny>
                <font>font20_title</font>
                <textcolor>$VAR[MainColorOne]</textcolor>
                <label>$LOCALIZE[21804]</label>
                <!-- <visible>player.chaptercount</visible> -->
            </control>
            <control type="label" id="1">
                <description>Chapter Pos No</description>
                <left>30</left>
                <top>45</top>
                <width>165</width>
                <height>30</height>
                <align>center</align>
                <aligny>center</aligny>
                <font>font22_title</font>
                <textcolor>grey2</textcolor>
                <label>$INFO[Slideshow.SlideIndex]</label>
                <!-- <visible>player.chaptercount</visible> -->
            </control>
        </control>
        <control type="group" id="13">
            <visible>!Skin.HasSetting(Show_SlideShow_Paused) + !Window.IsActive(1198)</visible>
            <animation effect="slide" start="0,0" end="278,998" time="0" condition="Skin.HasSetting(HidePopUpSeekBar)">Conditional</animation>
            <left>540r</left>
            <top>-9</top>
            <control type="image">
                <left>0</left>
                <top>0</top>
                <width>270</width>
                <height>105</height>
                <colordiffuse>EEFFFFFF</colordiffuse>
                <texture border="12">OverlayDialogBackground.png</texture>
                <visible>!Skin.HasSetting(HidePopUpSeekBar)</visible>
            </control>
            <control type="image">
                <left>120</left>
                <top>15</top>
                <width>120</width>
                <height>75</height>
                <texture>$VAR[OSDPath]OSDSeekFrame.png</texture>
            </control>
            <control type="image">
                <left>152</left>
                <top>21</top>
                <width>60</width>
                <height>60</height>
                <texture>$VAR[OSDPath]OSDPause.png</texture>
            </control>
            <control type="label">
                <description>Paused Label</description>
                <animation effect="slide" start="0,0" end="0,28" time="0" condition="Skin.HasSetting(HidePopUpSeekBar)">Conditional</animation>
                <left>30</left>
                <top>10</top>
                <width>360</width>
                <height>30</height>
                <align>left</align>
                <aligny>center</aligny>
                <font>font10_title</font>
                <textcolor>$VAR[MainColorOne]</textcolor>
                <label>31043</label>
            </control>
        </control>
        <!-- media infos -->
        <control type="group">
            <left>30</left>
            <top>270r</top>
            <visible>Player.ShowInfo + !Window.IsActive(1198) + Player.HasMedia</visible>
            <include>VisibleFadeEffect</include>
            <include>SmallMusicInfo</include>
        </control>
        <control type="button">
            <visible>SlideShow.IsVideo + [![Player.Playing + Player.HasVideo] | SlideShow.IsPaused]</visible>
            <description>Video Play Button</description>
            <left>810</left>
            <top>390</top>
            <width>300</width>
            <height>300</height>
            <font></font>
            <onclick>play</onclick>
            <texturefocus>arrow-big-right.png</texturefocus>
            <texturenofocus>arrow-big-right.png</texturenofocus>
        </control>
    </controls>
</window>
