<?xml version="1.0" encoding="UTF-8"?>
<window>
    <defaultcontrol always="true">22</defaultcontrol>
    <coordinates>
        <left>360</left>
        <top>51</top>
    </coordinates>
    <include>dialogeffect</include>
    <controls>
        <control type="group">
            <visible>!Window.IsVisible(smartplaylistrule)</visible>
            <include>VisibleFadeEffect</include>
            <include content="DialogBackgroundCommons">
                <param name="DialogBackgroundWidth" value="1200" />
                <param name="DialogBackgroundHeight" value="975" />
                <param name="DialogHeaderWidth" value="1080" />
                <param name="DialogHeaderLabel" value="-" />
                <param name="DialogHeaderId" value="2" />
                <param name="CloseButtonLeft" value="1025" />
                <param name="CloseButtonNav" value="22" />
            </include>
            <control type="button" id="22">
                <description>Set Playlist type</description>
                <left>45</left>
                <top>105</top>
                <width>1110</width>
                <height>60</height>
                <label>467</label>
                <font>font22</font>
                <onright>22</onright>
                <onleft>22</onleft>
                <onup>9001</onup>
                <ondown>12</ondown>
            </control>
            <control type="button" id="12">
                <description>Name Button</description>
                <left>45</left>
                <top>180</top>
                <width>1110</width>
                <height>60</height>
                <textoffsetx>15</textoffsetx>
                <textwidth>1080</textwidth>
                <font>font22</font>
                <texturenofocus></texturenofocus>
                <label>21433</label>
                <onup>22</onup>
                <onleft>12</onleft>
                <onright>12</onright>
                <ondown>10</ondown>
            </control>
            <control type="label">
                <description>rules label</description>
                <left>45</left>
                <top>262</top>
                <width>1110</width>
                <align>left</align>
                <label>21434</label>
                <font>font20</font>
                <textcolor>$VAR[MainColorOne]</textcolor>
                <shadowcolor>black</shadowcolor>
            </control>
            <control type="list" id="10">
                <description>Rules List Control</description>
                <left>45</left>
                <top>300</top>
                <width>825</width>
                <height>202</height>
                <onup>12</onup>
                <onleft>9000</onleft>
                <onright>9000</onright>
                <ondown>16</ondown>
                <itemlayout width="840" height="68">
                    <control type="image">
                        <left>0</left>
                        <top>0</top>
                        <width>825</width>
                        <height>60</height>
                        <texture border="5">button-nofocus.png</texture>
                    </control>
                    <control type="label">
                        <left>15</left>
                        <top>0</top>
                        <width>795</width>
                        <height>60</height>
                        <aligny>center</aligny>
                        <info>ListItem.Label</info>
                        <selectedcolor>selected</selectedcolor>
                        <font>font22</font>
                    </control>
                </itemlayout>
                <focusedlayout width="840" height="68">
                    <control type="image">
                        <left>0</left>
                        <top>0</top>
                        <width>825</width>
                        <height>60</height>
                        <texture border="5" colordiffuse="$VAR[MainColorOne]">$VAR[SelectButton2]</texture>
                        <visible>Control.HasFocus(10)</visible>
                    </control>
                    <control type="image">
                        <left>0</left>
                        <top>0</top>
                        <width>825</width>
                        <height>60</height>
                        <texture border="5">button-nofocus.png</texture>
                        <visible>!Control.HasFocus(10)</visible>
                    </control>
                    <control type="label">
                        <left>15</left>
                        <top>0</top>
                        <width>795</width>
                        <height>60</height>
                        <aligny>center</aligny>
                        <info>ListItem.Label</info>
                        <selectedcolor>selected</selectedcolor>
                        <font>font22</font>
                    </control>
                </focusedlayout>
            </control>
            <control type="group" id="9000">
                <left>885</left>
                <top>300</top>
                <control type="button" id="13">
                    <description>Add Rule Button</description>
                    <left>0</left>
                    <top>0</top>
                    <width>270</width>
                    <height>60</height>
                    <label>15019</label>
                    <font>font20_title</font>
                    <align>center</align>
                    <aligny>center</aligny>
                    <onup>12</onup>
                    <onleft>10</onleft>
                    <onright>10</onright>
                    <ondown>14</ondown>
                </control>
                <control type="button" id="14">
                    <description>Remove Rule Button</description>
                    <left>0</left>
                    <top>68</top>
                    <height>60</height>
                    <width>270</width>
                    <label>1210</label>
                    <font>font20_title</font>
                    <align>center</align>
                    <aligny>center</aligny>
                    <onup>13</onup>
                    <onleft>10</onleft>
                    <onright>10</onright>
                    <ondown>15</ondown>
                </control>
                <control type="button" id="15">
                    <description>Edit Rule Button</description>
                    <left>0</left>
                    <top>135</top>
                    <height>60</height>
                    <width>270</width>
                    <label>21435</label>
                    <font>font20_title</font>
                    <align>center</align>
                    <aligny>center</aligny>
                    <onup>14</onup>
                    <onleft>10</onleft>
                    <onright>10</onright>
                    <ondown>16</ondown>
                </control>
            </control>
            <control type="label">
                <description>Name Label</description>
                <left>45</left>
                <top>518</top>
                <width>1110</width>
                <label>31325</label>
                <font>font20</font>
                <textcolor>$VAR[MainColorOne]</textcolor>
                <shadowcolor>black</shadowcolor>
            </control>
            <control type="button" id="16">
                <left>45</left>
                <top>555</top>
                <width>1110</width>
                <height>60</height>
                <label>21424</label>
                <font>font22</font>
                <onright>16</onright>
                <onleft>16</onleft>
                <onup>10</onup>
                <ondown>17</ondown>
            </control>
            <control type="button" id="17">
                <left>45</left>
                <top>622</top>
                <width>1110</width>
                <height>60</height>
                <label>21427</label>
                <font>font22</font>
                <onright>17</onright>
                <onleft>17</onleft>
                <onup>16</onup>
                <ondown>18</ondown>
            </control>
            <control type="button" id="18">
                <left>45</left>
                <top>690</top>
                <width>825</width>
                <height>60</height>
                <label>21429</label>
                <font>font22</font>
                <onright>19</onright>
                <onleft>19</onleft>
                <onup>17</onup>
                <ondown>23</ondown>
            </control>
            <control type="button" id="19">
                <left>885</left>
                <top>690</top>
                <width>270</width>
                <height>60</height>
                <font>font22</font>
                <onright>18</onright>
                <onleft>18</onleft>
                <onup>17</onup>
                <ondown>24</ondown>
            </control>
            <control type="button" id="23">
                <left>45</left>
                <top>758</top>
                <width>825</width>
                <height>60</height>
                <label>21458</label>
                <font>font22</font>
                <onright>24</onright>
                <onleft>24</onleft>
                <onup>18</onup>
                <ondown>9001</ondown>
            </control>
            <control type="radiobutton" id="24">
                <left>885</left>
                <top>758</top>
                <width>270</width>
                <height>60</height>
                <font>font22</font>
                <align>center</align>
                <aligny>center</aligny>
                <label>21459</label>
                <onright>23</onright>
                <onleft>23</onleft>
                <onup>19</onup>
                <ondown>9001</ondown>
            </control>
            <control type="group" id="9001">
                <control type="button" id="20">
                    <description>Ok Button</description>
                    <left>292</left>
                    <top>870</top>
                    <width>300</width>
                    <height>60</height>
                    <align>center</align>
                    <aligny>center</aligny>
                    <label>186</label>
                    <font>font20_title</font>
                    <onup>23</onup>
                    <onleft>21</onleft>
                    <onright>21</onright>
                    <ondown>22</ondown>
                </control>
                <control type="button" id="21">
                    <description>Cancel Button</description>
                    <left>608</left>
                    <top>870</top>
                    <width>300</width>
                    <height>60</height>
                    <align>center</align>
                    <aligny>center</aligny>
                    <label>222</label>
                    <font>font20_title</font>
                    <onup>23</onup>
                    <onleft>20</onleft>
                    <onright>20</onright>
                    <ondown>22</ondown>
                </control>
            </control>
        </control>
    </controls>
</window>
