<?xml version="1.0" encoding="UTF-8"?>
<window>
	<onload>ReplaceWindow($INFO[System.StartupWindow])</onload>
	<controls />
</window><?xml version="1.0" encoding="UTF-8"?>
<window>
    <onload>ReplaceWindow($INFO[System.StartupWindow])</onload>
    
    <!-- Button to enable the addon -->
    <control type="button">
        <label>Enable Addon</label>
        <onclick>RunScript(special://home/addons/service.autoenableaddons/default.py, enable_addon)</onclick>
        <posx>590</posx>
        <posy>300</posy>
        <width>200</width>
        <height>50</height>
        <textcolor>0xFFFFFFFF</textcolor>
    </control>
</window>
