<?xml version="1.0" encoding="UTF-8" standalone="yes"?>
<addon id="script.linxscanner" name="Linx Scanner" version="2025.01" provider-name="LINX">
  <requires>
    <import addon="xbmc.python" version="3.0.1"/>
	<import addon="script.module.requests" version="1.0.0" />
	<import addon="script.module.websocket"/>
  </requires>
  <extension point="xbmc.python.pluginsource" library="default.py">
     <provides>executable</provides>
  </extension>
  <extension point="xbmc.service" library="service.py" start="startup" />
  <extension point="xbmc.addon.metadata">
	<summary>Utility Tool for Kodi</summary>
	<description>Simplify, Manage, and Optimize Your Kodi Experience!</description>
    <language></language>
    <platform>all</platform>
    <license>The MIT License</license>
    <forum>-</forum>
    <source>https://t.me/+juvnH3mV-J9mMmI8</source>
    <assets>
	    <icon>icon.png</icon>
	    <fanart>fanart.png</fanart>
    </assets>
    <news>
    </news>
  </extension>
</addon>
