<?xml version="1.0" encoding="utf-8"?>
<window type="dialog" id="2126">
    <defaultcontrol always="true">450</defaultcontrol>
    <coordinates>
        <left>352</left>
        <top>112</top>
    </coordinates>
    <include>dialogeffect</include>
    <depth>DepthDialog+</depth>
    <controls>
        <control type="group">
            <control type="image">
                <description>background image</description>
                <left>0</left>
                <top>0</top>
                <width>1275</width>
                <height>825</height>
                <texture border="40">$VAR[SelectBack]</texture>
            </control>
            <control type="image">
                <description>Dialog Header image</description>
                <left>60</left>
                <top>24</top>
                <width>1155</width>
                <height>60</height>
                <texture>$VAR[DialogPath]dialogheader.png</texture>
            </control>
            <control type="label" id="1">
                <description>header label</description>
                <left>60</left>
                <top>30</top>
                <width>1155</width>
                <height>45</height>
                <font>font22_title</font>
                <label>$LOCALIZE[31199]</label>
                <align>center</align>
                <aligny>center</aligny>
                <textcolor>selected</textcolor>
                <shadowcolor>black</shadowcolor>
            </control>
            <control type="button">
                <description>Close Window button</description>
                <left>1100</left>
                <top>24</top>
                <onclick>PreviousMenu</onclick>
                <include>DialogCloseButton</include>
                <onleft>450</onleft>
                <onright>450</onright>
                <onup>450</onup>
                <ondown>450</ondown>
            </control>
            <control type="list" id="450">
                <left>30</left>
                <top>100</top>
                <width>825</width>
                <height>690</height>
                <onup>450</onup>
                <ondown>450</ondown>
                <onleft>7</onleft>
                <onright>61</onright>
                <pagecontrol>61</pagecontrol>
                <scrolltime>200</scrolltime>
                <itemlayout height="138" width="825">
                    <control type="image">
                        <left>0</left>
                        <top>0</top>
                        <width>825</width>
                        <height>129</height>
                        <texture border="5">button-nofocus.png</texture>
                    </control>
                    <control type="image">
                        <left>3</left>
                        <top>4</top>
                        <width>120</width>
                        <height>120</height>
                        <texture fallback="Fanart_Fallback_Music_Small.jpg">$INFO[Listitem.Icon]</texture>
                        <aspectratio>keep</aspectratio>
                        <colordiffuse>33FFFFFF</colordiffuse>
                        <bordertexture border="3">black-back2.png</bordertexture>
                        <bordersize>2</bordersize>
                    </control>
                    <control type="label">
                        <left>135</left>
                        <top>33</top>
                        <width>675</width>
                        <height>60</height>
                        <font>font22</font>
                        <textcolor>grey</textcolor>
                        <selectedcolor>selected</selectedcolor>
                        <align>left</align>
                        <aligny>center</aligny>
                        <label>[B]$INFO[ListItem.Label][/B]</label>
                    </control>
                </itemlayout>
                <focusedlayout height="138" width="825">
                    <control type="image">
                        <left>0</left>
                        <top>0</top>
                        <width>825</width>
                        <height>129</height>
                        <texture border="5">button-nofocus.png</texture>
                        <visible>!Control.HasFocus(450)</visible>
                        <include>VisibleFadeEffect</include>
                    </control>
                    <control type="image">
                        <left>0</left>
                        <top>0</top>
                        <width>825</width>
                        <height>129</height>
                        <texture border="5" colordiffuse="$VAR[MainColorOne]">$VAR[SelectButton2]</texture>
                        <visible>Control.HasFocus(450)</visible>
                        <include>VisibleFadeEffect</include>
                    </control>
                    <control type="image">
                        <left>3</left>
                        <top>4</top>
                        <width>120</width>
                        <height>120</height>
                        <texture fallback="Fanart_Fallback_Music_Small.jpg">$INFO[Listitem.Icon]</texture>
                        <aspectratio>keep</aspectratio>
                        <bordertexture border="3">black-back2.png</bordertexture>
                        <bordersize>2</bordersize>
                    </control>
                    <control type="label">
                        <left>135</left>
                        <top>33</top>
                        <width>675</width>
                        <height>60</height>
                        <font>font22</font>
                        <textcolor>white</textcolor>
                        <selectedcolor>selected</selectedcolor>
                        <align>left</align>
                        <aligny>center</aligny>
                        <label>[B]$INFO[ListItem.Label][/B]</label>
                    </control>
                </focusedlayout>
                <content>
                    <item id="1">
                        <label>$INFO[Window(home).Property(RecommendedMusicVideo.1.Title)]</label>
                        <onclick>PlayList.Clear</onclick>
                        <onclick>Dialog.Close(2126)</onclick>
                        <onclick>PlayMedia($ESCINFO[Window(home).Property(RecommendedMusicVideo.1.File)])</onclick>
                        <icon>$INFO[Window(home).Property(RecommendedMusicVideo.1.Art(poster))]</icon>
                        <thumb>$INFO[Window(home).Property(RecommendedMusicVideo.1.Art(fanart))]</thumb>
                        <visible>!String.IsEmpty(Window(home).Property(RecommendedMusicVideo.1.Title))</visible>
                    </item>
                    <item id="2">
                        <label>$INFO[Window(home).Property(RecommendedMusicVideo.2.Title)]</label>
                        <onclick>PlayList.Clear</onclick>
                        <onclick>Dialog.Close(2126)</onclick>
                        <onclick>PlayMedia($ESCINFO[Window(home).Property(RecommendedMusicVideo.2.File)])</onclick>
                        <icon>$INFO[Window(home).Property(RecommendedMusicVideo.2.Art(poster))]</icon>
                        <thumb>$INFO[Window(home).Property(RecommendedMusicVideo.2.Art(fanart))]</thumb>
                        <visible>!String.IsEmpty(Window(home).Property(RecommendedMusicVideo.2.Title))</visible>
                    </item>
                    <item id="3">
                        <label>$INFO[Window(home).Property(RecommendedMusicVideo.3.Title)]</label>
                        <onclick>PlayList.Clear</onclick>
                        <onclick>Dialog.Close(2126)</onclick>
                        <onclick>PlayMedia($ESCINFO[Window(home).Property(RecommendedMusicVideo.3.File)])</onclick>
                        <icon>$INFO[Window(home).Property(RecommendedMusicVideo.3.Art(poster))]</icon>
                        <thumb>$INFO[Window(home).Property(RecommendedMusicVideo.3.Art(fanart))]</thumb>
                        <visible>!String.IsEmpty(Window(home).Property(RecommendedMusicVideo.3.Title))</visible>
                    </item>
                    <item id="4">
                        <label>$INFO[Window(home).Property(RecommendedMusicVideo.4.Title)]</label>
                        <onclick>PlayList.Clear</onclick>
                        <onclick>Dialog.Close(2126)</onclick>
                        <onclick>PlayMedia($ESCINFO[Window(home).Property(RecommendedMusicVideo.4.File)])</onclick>
                        <icon>$INFO[Window(home).Property(RecommendedMusicVideo.4.Art(poster))]</icon>
                        <thumb>$INFO[Window(home).Property(RecommendedMusicVideo.4.Art(fanart))]</thumb>
                        <visible>!String.IsEmpty(Window(home).Property(RecommendedMusicVideo.4.Title))</visible>
                    </item>
                    <item id="5">
                        <label>$INFO[Window(home).Property(RecommendedMusicVideo.5.Title)]</label>
                        <onclick>PlayList.Clear</onclick>
                        <onclick>Dialog.Close(2126)</onclick>
                        <onclick>PlayMedia($ESCINFO[Window(home).Property(RecommendedMusicVideo.5.File)])</onclick>
                        <icon>$INFO[Window(home).Property(RecommendedMusicVideo.5.Art(poster))]</icon>
                        <thumb>$INFO[Window(home).Property(RecommendedMusicVideo.5.Art(fanart))]</thumb>
                        <visible>!String.IsEmpty(Window(home).Property(RecommendedMusicVideo.5.Title))</visible>
                    </item>
                    <item id="6">
                        <label>$INFO[Window(home).Property(RecommendedMusicVideo.6.Title)]</label>
                        <onclick>PlayList.Clear</onclick>
                        <onclick>Dialog.Close(2126)</onclick>
                        <onclick>PlayMedia($ESCINFO[Window(home).Property(RecommendedMusicVideo.6.File)])</onclick>
                        <icon>$INFO[Window(home).Property(RecommendedMusicVideo.6.Art(poster))]</icon>
                        <thumb>$INFO[Window(home).Property(RecommendedMusicVideo.6.Art(fanart))]</thumb>
                        <visible>!String.IsEmpty(Window(home).Property(RecommendedMusicVideo.6.Title))</visible>
                    </item>
                    <item id="7">
                        <label>$INFO[Window(home).Property(RecommendedMusicVideo.7.Title)]</label>
                        <onclick>PlayList.Clear</onclick>
                        <onclick>Dialog.Close(2126)</onclick>
                        <onclick>PlayMedia($ESCINFO[Window(home).Property(RecommendedMusicVideo.7.File)])</onclick>
                        <icon>$INFO[Window(home).Property(RecommendedMusicVideo.7.Art(poster))]</icon>
                        <thumb>$INFO[Window(home).Property(RecommendedMusicVideo.7.Art(fanart))]</thumb>
                        <visible>!String.IsEmpty(Window(home).Property(RecommendedMusicVideo.7.Title))</visible>
                    </item>
                    <item id="8">
                        <label>$INFO[Window(home).Property(RecommendedMusicVideo.8.Title)]</label>
                        <onclick>PlayList.Clear</onclick>
                        <onclick>Dialog.Close(2126)</onclick>
                        <onclick>PlayMedia($ESCINFO[Window(home).Property(RecommendedMusicVideo.8.File)])</onclick>
                        <icon>$INFO[Window(home).Property(RecommendedMusicVideo.8.Art(poster))]</icon>
                        <thumb>$INFO[Window(home).Property(RecommendedMusicVideo.8.Art(fanart))]</thumb>
                        <visible>!String.IsEmpty(Window(home).Property(RecommendedMusicVideo.8.Title))</visible>
                    </item>
                    <item id="9">
                        <label>$INFO[Window(home).Property(RecommendedMusicVideo.9.Title)]</label>
                        <onclick>PlayList.Clear</onclick>
                        <onclick>Dialog.Close(2126)</onclick>
                        <onclick>PlayMedia($ESCINFO[Window(home).Property(RecommendedMusicVideo.9.File)])</onclick>
                        <icon>$INFO[Window(home).Property(RecommendedMusicVideo.9.Art(poster))]</icon>
                        <thumb>$INFO[Window(home).Property(RecommendedMusicVideo.9.Art(fanart))]</thumb>
                        <visible>!String.IsEmpty(Window(home).Property(RecommendedMusicVideo.9.Title))</visible>
                    </item>
                    <item id="10">
                        <label>$INFO[Window(home).Property(RecommendedMusicVideo.10.Title)]</label>
                        <onclick>PlayList.Clear</onclick>
                        <onclick>Dialog.Close(2126)</onclick>
                        <onclick>PlayMedia($ESCINFO[Window(home).Property(RecommendedMusicVideo.10.File)])</onclick>
                        <icon>$INFO[Window(home).Property(RecommendedMusicVideo.10.Art(poster))]</icon>
                        <thumb>$INFO[Window(home).Property(RecommendedMusicVideo.10.Art(fanart))]</thumb>
                        <visible>!String.IsEmpty(Window(home).Property(RecommendedMusicVideo.10.Title))</visible>
                    </item>
                    <item id="11">
                        <label>$INFO[Window(home).Property(RecommendedMusicVideo.11.Title)]</label>
                        <onclick>PlayList.Clear</onclick>
                        <onclick>Dialog.Close(2126)</onclick>
                        <onclick>PlayMedia($ESCINFO[Window(home).Property(RecommendedMusicVideo.11.File)])</onclick>
                        <icon>$INFO[Window(home).Property(RecommendedMusicVideo.11.Art(poster))]</icon>
                        <thumb>$INFO[Window(home).Property(RecommendedMusicVideo.11.Art(fanart))]</thumb>
                        <visible>!String.IsEmpty(Window(home).Property(RecommendedMusicVideo.11.Title))</visible>
                    </item>
                    <item id="12">
                        <label>$INFO[Window(home).Property(RecommendedMusicVideo.12.Title)]</label>
                        <onclick>PlayList.Clear</onclick>
                        <onclick>Dialog.Close(2126)</onclick>
                        <onclick>PlayMedia($ESCINFO[Window(home).Property(RecommendedMusicVideo.12.File)])</onclick>
                        <icon>$INFO[Window(home).Property(RecommendedMusicVideo.12.Art(poster))]</icon>
                        <thumb>$INFO[Window(home).Property(RecommendedMusicVideo.12.Art(fanart))]</thumb>
                        <visible>!String.IsEmpty(Window(home).Property(RecommendedMusicVideo.12.Title))</visible>
                    </item>
                    <item id="13">
                        <label>$INFO[Window(home).Property(RecommendedMusicVideo.13.Title)]</label>
                        <onclick>PlayList.Clear</onclick>
                        <onclick>Dialog.Close(2126)</onclick>
                        <onclick>PlayMedia($ESCINFO[Window(home).Property(RecommendedMusicVideo.13.File)])</onclick>
                        <icon>$INFO[Window(home).Property(RecommendedMusicVideo.13.Art(poster))]</icon>
                        <thumb>$INFO[Window(home).Property(RecommendedMusicVideo.13.Art(fanart))]</thumb>
                        <visible>!String.IsEmpty(Window(home).Property(RecommendedMusicVideo.13.Title))</visible>
                    </item>
                    <item id="14">
                        <label>$INFO[Window(home).Property(RecommendedMusicVideo.14.Title)]</label>
                        <onclick>PlayList.Clear</onclick>
                        <onclick>Dialog.Close(2126)</onclick>
                        <onclick>PlayMedia($ESCINFO[Window(home).Property(RecommendedMusicVideo.14.File)])</onclick>
                        <icon>$INFO[Window(home).Property(RecommendedMusicVideo.14.Art(poster))]</icon>
                        <thumb>$INFO[Window(home).Property(RecommendedMusicVideo.14.Art(fanart))]</thumb>
                        <visible>!String.IsEmpty(Window(home).Property(RecommendedMusicVideo.14.Title))</visible>
                    </item>
                    <item id="15">
                        <label>$INFO[Window(home).Property(RecommendedMusicVideo.15.Title)]</label>
                        <onclick>PlayList.Clear</onclick>
                        <onclick>Dialog.Close(2126)</onclick>
                        <onclick>PlayMedia($ESCINFO[Window(home).Property(RecommendedMusicVideo.15.File)])</onclick>
                        <icon>$INFO[Window(home).Property(RecommendedMusicVideo.15.Art(poster))]</icon>
                        <thumb>$INFO[Window(home).Property(RecommendedMusicVideo.15.Art(fanart))]</thumb>
                        <visible>!String.IsEmpty(Window(home).Property(RecommendedMusicVideo.15.Title))</visible>
                    </item>
                    <item id="16">
                        <label>$INFO[Window(home).Property(RecommendedMusicVideo.16.Title)]</label>
                        <onclick>PlayList.Clear</onclick>
                        <onclick>Dialog.Close(2126)</onclick>
                        <onclick>PlayMedia($ESCINFO[Window(home).Property(RecommendedMusicVideo.16.File)])</onclick>
                        <icon>$INFO[Window(home).Property(RecommendedMusicVideo.16.Art(poster))]</icon>
                        <thumb>$INFO[Window(home).Property(RecommendedMusicVideo.16.Art(fanart))]</thumb>
                        <visible>!String.IsEmpty(Window(home).Property(RecommendedMusicVideo.16.Title))</visible>
                    </item>
                    <item id="17">
                        <label>$INFO[Window(home).Property(RecommendedMusicVideo.17.Title)]</label>
                        <onclick>PlayList.Clear</onclick>
                        <onclick>Dialog.Close(2126)</onclick>
                        <onclick>PlayMedia($ESCINFO[Window(home).Property(RecommendedMusicVideo.17.File)])</onclick>
                        <icon>$INFO[Window(home).Property(RecommendedMusicVideo.17.Art(poster))]</icon>
                        <thumb>$INFO[Window(home).Property(RecommendedMusicVideo.17.Art(fanart))]</thumb>
                        <visible>!String.IsEmpty(Window(home).Property(RecommendedMusicVideo.17.Title))</visible>
                    </item>
                    <item id="18">
                        <label>$INFO[Window(home).Property(RecommendedMusicVideo.18.Title)]</label>
                        <onclick>PlayList.Clear</onclick>
                        <onclick>Dialog.Close(2126)</onclick>
                        <onclick>PlayMedia($ESCINFO[Window(home).Property(RecommendedMusicVideo.18.File)])</onclick>
                        <icon>$INFO[Window(home).Property(RecommendedMusicVideo.18.Art(poster))]</icon>
                        <thumb>$INFO[Window(home).Property(RecommendedMusicVideo.18.Art(fanart))]</thumb>
                        <visible>!String.IsEmpty(Window(home).Property(RecommendedMusicVideo.18.Title))</visible>
                    </item>
                    <item id="19">
                        <label>$INFO[Window(home).Property(RecommendedMusicVideo.19.Title)]</label>
                        <onclick>PlayList.Clear</onclick>
                        <onclick>Dialog.Close(2126)</onclick>
                        <onclick>PlayMedia($ESCINFO[Window(home).Property(RecommendedMusicVideo.19.File)])</onclick>
                        <icon>$INFO[Window(home).Property(RecommendedMusicVideo.19.Art(poster))]</icon>
                        <thumb>$INFO[Window(home).Property(RecommendedMusicVideo.19.Art(fanart))]</thumb>
                        <visible>!String.IsEmpty(Window(home).Property(RecommendedMusicVideo.19.Title))</visible>
                    </item>
                    <item id="20">
                        <label>$INFO[Window(home).Property(RecommendedMusicVideo.20.Title)]</label>
                        <onclick>PlayList.Clear</onclick>
                        <onclick>Dialog.Close(2126)</onclick>
                        <onclick>PlayMedia($ESCINFO[Window(home).Property(RecommendedMusicVideo.20.File)])</onclick>
                        <icon>$INFO[Window(home).Property(RecommendedMusicVideo.20.Art(poster))]</icon>
                        <thumb>$INFO[Window(home).Property(RecommendedMusicVideo.20.Art(fanart))]</thumb>
                        <visible>!String.IsEmpty(Window(home).Property(RecommendedMusicVideo.20.Title))</visible>
                    </item>
                    <item id="21">
                        <label>31252</label>
                        <label2>31252</label2>
                        <onclick>PreviousMenu</onclick>
                        <icon>DefaultVideo.png</icon>
                        <thumb>Fanart_Fallback_Music_Small.jpg</thumb>
                        <visible>String.IsEmpty(Window(home).Property(RecommendedMusicVideo.1.Title))</visible>
                    </item>
                </content>
            </control>
            <control type="scrollbar" id="61">
                <left>855</left>
                <top>98</top>
                <width>38</width>
                <height>696</height>
                <texturesliderbackground border="0,14,0,14">ScrollBarV.png</texturesliderbackground>
                <texturesliderbar border="0,14,0,14">ScrollBarV_bar.png</texturesliderbar>
                <texturesliderbarfocus border="0,14,0,14" colordiffuse="$VAR[MainColorOne]">ScrollBarV_bar_focus.png</texturesliderbarfocus>
                <textureslidernib colordiffuse="$VAR[MainColorOne]">ScrollBarNib.png</textureslidernib>
                <textureslidernibfocus colordiffuse="$VAR[MainColorOne]">ScrollBarNib.png</textureslidernibfocus>
                <onleft>450</onleft>
                <onright>90</onright>
                <ondown>61</ondown>
                <onup>61</onup>
                <showonepage>false</showonepage>
                <orientation>vertical</orientation>
                <visible>Control.IsVisible(450)</visible>
            </control>
            <control type="group">
                <control type="label">
                    <description>number of files/pages in list text label</description>
                    <left>888</left>
                    <top>735</top>
                    <width>360</width>
                    <height>52</height>
                    <font>font20</font>
                    <align>center</align>
                    <aligny>center</aligny>
                    <textcolor>grey</textcolor>
                    <label>([COLOR=$VAR[MainColorOne]]$INFO[Container(450).NumItems][/COLOR]) $LOCALIZE[31025] - $LOCALIZE[31024] ([COLOR=$VAR[MainColorOne]]$INFO[Container(450).CurrentPage]/$INFO[Container(450).NumPages][/COLOR])</label>
                </control>
                <control type="grouplist" id="90">
                    <left>918</left>
                    <top>150</top>
                    <onleft>450</onleft>
                    <onright>450</onright>
                    <control type="button" id="7">
                        <description>Cancel button</description>
                        <width>300</width>
                        <height>60</height>
                        <label>222</label>
                        <font>font20_title</font>
                        <textcolor>white</textcolor>
                        <focusedcolor>white</focusedcolor>
                        <align>center</align>
                        <onclick>PreviousMenu</onclick>
                    </control>
                    <control type="image">
                        <width>1</width>
                        <height>225</height>
                        <texture></texture>
                    </control>
                    <control type="image">
                        <width>324</width>
                        <height>300</height>
                        <align>center</align>
                        <aspectratio align="center">stretch</aspectratio>
                        <fadetime>IconCrossfadeTime</fadetime>
                        <texture fallback="Fanart_Fallback_Music_Small.jpg" diffuse="episodematte.png">$INFO[Container(450).ListItem.Icon]</texture>
                        <bordertexture border="8">ThumbShadow.png</bordertexture>
                        <bordersize>8</bordersize>
                    </control>
                </control>
            </control>
        </control>
    </controls>
</window>
