<?xml version="1.0" encoding="UTF-8"?>
<window id="1194">
    <defaultcontrol always="true">611</defaultcontrol>
    <coordinates>
        <left>472</left>
        <top>330</top>
    </coordinates>
    <include>dialogeffect</include>
    <depth>DepthDialog+</depth>
    <controls>
        <include content="DialogBackgroundCommons">
            <param name="DialogBackgroundWidth" value="975" />
            <param name="DialogBackgroundHeight" value="390" />
            <param name="DialogHeaderWidth" value="855" />
            <param name="DialogHeaderLabel" value="31166" />
            <param name="DialogHeaderId" value="600" />
            <param name="CloseButtonLeft" value="800" />
            <param name="CloseButtonNav" value="9000" />
        </include>
        <control type="group">
            <visible>String.IsEmpty(Window.Property(UpdateFanart))</visible>
            <control type="textbox" id="609">
                <description>text</description>
                <left>45</left>
                <top>93</top>
                <width>885</width>
                <height>147</height>
                <align>left</align>
                <label>31167</label>
                <font>font22</font>
                <autoscroll time="3000" delay="4000" repeat="5000">true</autoscroll>
            </control>
            <control type="grouplist" id="9000">
                <left>38</left>
                <top>292</top>
                <width>900</width>
                <height>60</height>
                <align>center</align>
                <itemgap>0</itemgap>
                <orientation>horizontal</orientation>
                <control type="button" id="611">
                    <description>OK button</description>
                    <width>300</width>
                    <height>60</height>
                    <label>186</label>
                    <font>font20_title</font>
                    <textcolor>white</textcolor>
                    <focusedcolor>white</focusedcolor>
                    <align>center</align>
                    <onclick>Skin.SetString(SkinFanart.Name,Skin Backgrounds - estuary)</onclick>
                    <onclick>Skin.SetString(SkinFanart.Path,resource://resource.images.skinbackgrounds.estuary/)</onclick>
                    <onclick>Skin.SetString(SkinFanart.Ext,.jpg)</onclick>
                    <onclick condition="!System.HasAddon(resource.images.skinbackgrounds.estuary)">InstallAddon(resource.images.skinbackgrounds.estuary)</onclick>
                    <onclick>SetProperty(UpdateFanart,True)</onclick>
                </control>
                <control type="button" id="610">
                    <description>Cancel button</description>
                    <width>300</width>
                    <height>60</height>
                    <label>222</label>
                    <font>font20_title</font>
                    <textcolor>white</textcolor>
                    <focusedcolor>white</focusedcolor>
                    <align>center</align>
                    <onclick>SetProperty(UpdateFanart,True)</onclick>
                    <!--<onclick>PreviousMenu</onclick>-->
                </control>
                <control type="button" id="612">
                    <description>Don't ask again button</description>
                    <width>300</width>
                    <height>60</height>
                    <label>31165</label>
                    <font>font20_title</font>
                    <textcolor>white</textcolor>
                    <focusedcolor>white</focusedcolor>
                    <align>center</align>
                    <onclick>Skin.SetBool(DontAskBackgroundFanart)</onclick>
                    <onclick>PreviousMenu</onclick>
                </control>
            </control>
        </control>
        <control type="group">
            <visible>!String.IsEmpty(Window.Property(UpdateFanart))</visible>
            <control type="textbox" id="609">
                <description>text</description>
                <left>45</left>
                <top>93</top>
                <width>885</width>
                <height>147</height>
                <align>left</align>
                <label>31163</label>
                <font>font22</font>
                <autoscroll time="3000" delay="4000" repeat="5000">true</autoscroll>
            </control>
            <control type="grouplist" id="9000">
                <left>38</left>
                <top>292</top>
                <width>900</width>
                <height>60</height>
                <align>center</align>
                <itemgap>0</itemgap>
                <orientation>horizontal</orientation>
                <control type="button" id="610">
                    <visible>System.HasAddon(resource.images.skinbackgrounds.estuary) + !String.IsEmpty(Skin.String(SkinFanart.Path))</visible>
                    <description>OK button</description>
                    <width>300</width>
                    <height>60</height>
                    <label>186</label>
                    <font>font20_title</font>
                    <textcolor>white</textcolor>
                    <focusedcolor>white</focusedcolor>
                    <align>center</align>
                    <onclick condition="!String.IsEmpty(Skin.String(HomeItem.1.Path))">Skin.SetString(HomeItem.1.Fanart,$VAR[SetMenuOneBackground])</onclick>
                    <onclick condition="!String.IsEmpty(Skin.String(HomeItem.2.Path))">Skin.SetString(HomeItem.2.Fanart,$VAR[SetMenuTwoBackground])</onclick>
                    <onclick condition="!String.IsEmpty(Skin.String(HomeItem.3.Path))">Skin.SetString(HomeItem.3.Fanart,$VAR[SetMenuThreeBackground])</onclick>
                    <onclick condition="!String.IsEmpty(Skin.String(HomeItem.4.Path))">Skin.SetString(HomeItem.4.Fanart,$VAR[SetMenuFourBackground])</onclick>
                    <onclick condition="!String.IsEmpty(Skin.String(HomeItem.5.Path))">Skin.SetString(HomeItem.5.Fanart,$VAR[SetMenuFiveBackground])</onclick>
                    <onclick condition="!String.IsEmpty(Skin.String(HomeItem.6.Path))">Skin.SetString(HomeItem.6.Fanart,$VAR[SetMenuSixBackground])</onclick>
                    <onclick condition="!String.IsEmpty(Skin.String(HomeItem.7.Path))">Skin.SetString(HomeItem.7.Fanart,$VAR[SetMenuSevenBackground])</onclick>
                    <onclick condition="!String.IsEmpty(Skin.String(HomeItem.8.Path))">Skin.SetString(HomeItem.8.Fanart,$VAR[SetMenuEightBackground])</onclick>
                    <onclick condition="!String.IsEmpty(Skin.String(HomeItem.9.Path))">Skin.SetString(HomeItem.9.Fanart,$VAR[SetMenuNineBackground])</onclick>
                    <onclick condition="!String.IsEmpty(Skin.String(HomeItem.10.Path))">Skin.SetString(HomeItem.10.Fanart,$VAR[SetMenuTenBackground])</onclick>
                    <onclick condition="!String.IsEmpty(Skin.String(HomeItem.11.Path))">Skin.SetString(HomeItem.11.Fanart,$VAR[SetMenuElevenBackground])</onclick>
                    <onclick condition="!String.IsEmpty(Skin.String(HomeItem.12.Path))">Skin.SetString(HomeItem.12.Fanart,$VAR[SetMenuTwelveBackground])</onclick>
                    <onclick condition="!String.IsEmpty(Skin.String(HomeItem.13.Path))">Skin.SetString(HomeItem.13.Fanart,$VAR[SetMenuThirteenBackground])</onclick>
                    <onclick condition="!String.IsEmpty(Skin.String(HomeItem.14.Path))">Skin.SetString(HomeItem.14.Fanart,$VAR[SetMenuFourteenBackground])</onclick>
                    <onclick condition="!String.IsEmpty(Skin.String(HomeItem.15.Path))">Skin.SetString(HomeItem.15.Fanart,$VAR[SetMenuFifteenBackground])</onclick>
                    <onclick>ClearProperty(UpdateFanart)</onclick>
                    <onclick>PreviousMenu</onclick>
                </control>
                <control type="button" id="611">
                    <description>Cancel button</description>
                    <width>300</width>
                    <height>60</height>
                    <label>222</label>
                    <font>font20_title</font>
                    <textcolor>white</textcolor>
                    <focusedcolor>white</focusedcolor>
                    <align>center</align>
                    <onclick>ClearProperty(UpdateFanart)</onclick>
                    <onclick>PreviousMenu</onclick>
                </control>
            </control>
        </control>
    </controls>
</window>