<?xml version="1.0" encoding="UTF-8"?>
<window>
    <defaultcontrol always="true">21</defaultcontrol>
    <include>dialogeffect</include>
    <depth>DepthDialog+</depth>
    <coordinates>
        <left>630</left>
        <top>262</top>
    </coordinates>
    <controls>
        <include content="DialogBackgroundCommons">
            <param name="DialogBackgroundWidth" value="570" />
            <param name="DialogBackgroundHeight" value="645" />
            <param name="DialogHeaderWidth" value="450" />
            <param name="DialogHeaderLabel" value="" />
            <param name="DialogHeaderId" value="1" />
            <param name="CloseButtonLeft" value="395" />
            <param name="CloseButtonNav" value="" />
        </include>
        <control type="image">
            <left>45</left>
            <top>105</top>
            <width>480</width>
            <height>75</height>
            <aspectratio>stretch</aspectratio>
            <texture border="20">KeyboardEditArea.png</texture>
        </control>
        <control type="label" id="4">
            <description>Edit Text</description>
            <left>52</left>
            <top>105</top>
            <width>465</width>
            <height>75</height>
            <font>font22</font>
            <textcolor>selected</textcolor>
            <disabledcolor>grey2</disabledcolor>
            <align>center</align>
            <aligny>center</aligny>
        </control>
        <control type="group">
            <left>82</left>
            <top>232</top>
            <control type="button" id="11">
                <description>1 button</description>
                <left>0</left>
                <top>0</top>
                <width>90</width>
                <height>90</height>
                <font>font22</font>
                <align>center</align>
                <aligny>center</aligny>
                <texturenofocus border="25,25,5,5">KeyboardCornerTopNF.png</texturenofocus>
                <texturefocus border="25,25,5,5" colordiffuse="$VAR[MainColorOne]">KeyboardCornerTop.png</texturefocus>
                <label>12311</label>
                <focusedcolor>white</focusedcolor>
                <onleft>23</onleft>
                <onright>12</onright>
                <onup>20</onup>
                <ondown>14</ondown>
            </control>
            <control type="button" id="12">
                <description>2 button</description>
                <left>90</left>
                <top>0</top>
                <width>90</width>
                <height>90</height>
                <font>font22</font>
                <align>center</align>
                <aligny>center</aligny>
                <texturenofocus border="3">KeyboardKeyNF.png</texturenofocus>
                <texturefocus border="5" colordiffuse="$VAR[MainColorOne]">KeyboardKey.png</texturefocus>
                <label>12312</label>
                <focusedcolor>white</focusedcolor>
                <onleft>11</onleft>
                <onright>13</onright>
                <onup>10</onup>
                <ondown>15</ondown>
            </control>
            <control type="button" id="13">
                <description>3 button</description>
                <left>180</left>
                <top>0</top>
                <width>90</width>
                <height>90</height>
                <font>font22</font>
                <align>center</align>
                <aligny>center</aligny>
                <texturenofocus border="3">KeyboardKeyNF.png</texturenofocus>
                <texturefocus border="5" colordiffuse="$VAR[MainColorOne]">KeyboardKey.png</texturefocus>
                <label>12313</label>
                <focusedcolor>white</focusedcolor>
                <onleft>12</onleft>
                <onright>23</onright>
                <onup>22</onup>
                <ondown>16</ondown>
            </control>
            <control type="button" id="23">
                <description>Backspace button</description>
                <left>270</left>
                <top>0</top>
                <width>135</width>
                <height>180</height>
                <texturenofocus flipx="true" border="5,25,25,5">KeyboardCornerTopNF.png</texturenofocus>
                <texturefocus flipx="true" border="5,25,25,5" colordiffuse="$VAR[MainColorOne]">KeyboardCornerTop.png</texturefocus>
                <label></label>
                <onleft>13</onleft>
                <onright>11</onright>
                <onup>21</onup>
                <ondown>21</ondown>
            </control>
            <control type="label">
                <left>270</left>
                <top>0</top>
                <width>135</width>
                <height>180</height>
                <font>font20</font>
                <align>center</align>
                <aligny>center</aligny>
                <label>20181</label>
                <textcolor>white</textcolor>
                <visible>!Skin.HasSetting(KeyboardGraphicalTextures)</visible>
            </control>
            <control type="image">
                <description>Backspace icon</description>
                <left>315</left>
                <top>68</top>
                <width>45</width>
                <height>45</height>
                <texture>KeyboardBackKey.png</texture>
                <visible>Skin.HasSetting(KeyboardGraphicalTextures)</visible>
            </control>
            <control type="button" id="14">
                <description>4 button</description>
                <left>0</left>
                <top>90</top>
                <width>90</width>
                <height>90</height>
                <font>font22</font>
                <align>center</align>
                <aligny>center</aligny>
                <texturenofocus border="3">KeyboardKeyNF.png</texturenofocus>
                <texturefocus border="5" colordiffuse="$VAR[MainColorOne]">KeyboardKey.png</texturefocus>
                <label>12314</label>
                <focusedcolor>white</focusedcolor>
                <onleft>23</onleft>
                <onright>15</onright>
                <onup>11</onup>
                <ondown>17</ondown>
            </control>
            <control type="button" id="15">
                <description>5 button</description>
                <left>90</left>
                <top>90</top>
                <width>90</width>
                <height>90</height>
                <font>font22</font>
                <align>center</align>
                <aligny>center</aligny>
                <texturenofocus border="3">KeyboardKeyNF.png</texturenofocus>
                <texturefocus border="5" colordiffuse="$VAR[MainColorOne]">KeyboardKey.png</texturefocus>
                <label>12315</label>
                <focusedcolor>white</focusedcolor>
                <onleft>14</onleft>
                <onright>16</onright>
                <onup>12</onup>
                <ondown>18</ondown>
            </control>
            <control type="button" id="16">
                <description>6 button</description>
                <left>180</left>
                <top>90</top>
                <width>90</width>
                <height>90</height>
                <font>font22</font>
                <align>center</align>
                <aligny>center</aligny>
                <texturenofocus border="3">KeyboardKeyNF.png</texturenofocus>
                <texturefocus border="5" colordiffuse="$VAR[MainColorOne]">KeyboardKey.png</texturefocus>
                <label>12316</label>
                <focusedcolor>white</focusedcolor>
                <onleft>15</onleft>
                <onright>23</onright>
                <onup>13</onup>
                <ondown>19</ondown>
            </control>
            <control type="button" id="17">
                <description>7 button</description>
                <left>0</left>
                <top>180</top>
                <width>90</width>
                <height>90</height>
                <font>font22</font>
                <align>center</align>
                <aligny>center</aligny>
                <texturenofocus border="3">KeyboardKeyNF.png</texturenofocus>
                <texturefocus border="5" colordiffuse="$VAR[MainColorOne]">KeyboardKey.png</texturefocus>
                <label>12317</label>
                <focusedcolor>white</focusedcolor>
                <onleft>21</onleft>
                <onright>18</onright>
                <onup>14</onup>
                <ondown>20</ondown>
            </control>
            <control type="button" id="18">
                <description>8 button</description>
                <left>90</left>
                <top>180</top>
                <width>90</width>
                <height>90</height>
                <font>font22</font>
                <align>center</align>
                <aligny>center</aligny>
                <texturenofocus border="3">KeyboardKeyNF.png</texturenofocus>
                <texturefocus border="5" colordiffuse="$VAR[MainColorOne]">KeyboardKey.png</texturefocus>
                <label>12318</label>
                <focusedcolor>white</focusedcolor>
                <onleft>17</onleft>
                <onright>19</onright>
                <onup>15</onup>
                <ondown>10</ondown>
            </control>
            <control type="button" id="19">
                <description>9 button</description>
                <left>180</left>
                <top>180</top>
                <width>90</width>
                <height>90</height>
                <font>font22</font>
                <align>center</align>
                <aligny>center</aligny>
                <texturenofocus border="3">KeyboardKeyNF.png</texturenofocus>
                <texturefocus border="5" colordiffuse="$VAR[MainColorOne]">KeyboardKey.png</texturefocus>
                <label>12319</label>
                <focusedcolor>white</focusedcolor>
                <onleft>18</onleft>
                <onright>21</onright>
                <onup>16</onup>
                <ondown>22</ondown>
            </control>
            <control type="button" id="21">
                <description>Done button</description>
                <left>270</left>
                <top>180</top>
                <width>135</width>
                <height>180</height>
                <texturenofocus flipx="true" border="25,5,5,25">KeyboardCornerBottomNF.png</texturenofocus>
                <texturefocus flipx="true" border="5,5,25,25" colordiffuse="$VAR[MainColorOne]">KeyboardCornerBottom.png</texturefocus>
                <label></label>
                <onleft>19</onleft>
                <onright>17</onright>
                <onup>23</onup>
                <ondown>23</ondown>
            </control>
            <control type="label">
                <left>270</left>
                <top>180</top>
                <width>135</width>
                <height>180</height>
                <font>font20</font>
                <align>center</align>
                <aligny>center</aligny>
                <label>20177</label>
                <textcolor>white</textcolor>
                <visible>!Skin.HasSetting(KeyboardGraphicalTextures)</visible>
            </control>
            <control type="image">
                <description>Done icon</description>
                <left>315</left>
                <top>248</top>
                <width>45</width>
                <height>45</height>
                <texture>KeyboardDoneKey.png</texture>
                <visible>Skin.HasSetting(KeyboardGraphicalTextures)</visible>
            </control>
            <control type="button" id="20">
                <description>prev button</description>
                <left>0</left>
                <top>270</top>
                <width>90</width>
                <height>90</height>
                <font>font30</font>
                <label>&lt;</label>
                <focusedcolor>white</focusedcolor>
                <align>center</align>
                <aligny>center</aligny>
                <texturenofocus border="5,25,25,5">KeyboardCornerBottomNF.png</texturenofocus>
                <texturefocus border="5,25,25,5" colordiffuse="$VAR[MainColorOne]">KeyboardCornerBottom.png</texturefocus>
                <onleft>21</onleft>
                <onright>10</onright>
                <onup>17</onup>
                <ondown>11</ondown>
            </control>
            <control type="button" id="10">
                <description>0 button</description>
                <left>90</left>
                <top>270</top>
                <width>90</width>
                <height>90</height>
                <font>font22</font>
                <align>center</align>
                <aligny>center</aligny>
                <texturenofocus border="3">KeyboardKeyNF.png</texturenofocus>
                <texturefocus border="5" colordiffuse="$VAR[MainColorOne]">KeyboardKey.png</texturefocus>
                <label>12310</label>
                <focusedcolor>white</focusedcolor>
                <onleft>20</onleft>
                <onright>22</onright>
                <onup>18</onup>
                <ondown>12</ondown>
            </control>
            <control type="button" id="22">
                <description>next button</description>
                <left>180</left>
                <top>270</top>
                <width>90</width>
                <height>90</height>
                <font>font30</font>
                <label>&gt;</label>
                <focusedcolor>white</focusedcolor>
                <align>center</align>
                <aligny>center</aligny>
                <texturenofocus border="3">KeyboardKeyNF.png</texturenofocus>
                <texturefocus border="5" colordiffuse="$VAR[MainColorOne]">KeyboardKey.png</texturefocus>
                <onleft>10</onleft>
                <onright>21</onright>
                <onup>19</onup>
                <ondown>13</ondown>
            </control>
        </control>
    </controls>
</window>
