<?xml version="1.0" encoding="UTF-8"?>
<window>
    <onload condition="!Skin.HasSetting(DisableSlideShowArt) + String.IsEmpty(Window.Property(ArtistSlideshowRunning))">RunScript(script.artistslideshow, daemon=True)</onload>
    <defaultcontrol></defaultcontrol>
    <controls>
        <control type="group">
            <visible>!Skin.HasSetting(HideHomeNowPlaying) + Skin.HasSetting(DisableSlideShowArt) + Skin.HasSetting(ScriptEnableExtraFanart)</visible>
            <include>ArtistExtraFanArt</include>
        </control>
        <control type="group">
            <visible>Skin.HasSetting(NoDiffuseVizFanart) | String.IsEmpty(Visualisation.Name)</visible>
            <include>AlbumArtMusicVizWall</include>
        </control>
        <include>MusicArtUnderVisualisation</include>
        <control type="visualisation" id="2">
            <!-- FIX ME Music Visualization needs to have an id of 2 in this window to be able to lock or change preset -->
            <description>visualisation</description>
            <include>Dimensions_Fullscreen</include>
        </control>
        <control type="group">
            <visible>!Skin.HasSetting(NoDiffuseVizFanart) + !String.IsEmpty(Visualisation.Name)</visible>
            <include>AlbumArtMusicVizWall</include>
        </control>
        <include>MusicArtOverVisualisation</include>
        <!-- media infos -->
        <control type="group">
            <animation effect="fade" time="150">VisibleChange</animation>
            <visible>[Player.ShowInfo | Window.IsActive(MusicOSD)] + ![Window.IsVisible(AddonSettings) | Window.IsVisible(SelectDialog) | Window.IsVisible(VisualisationPresetList) | Window.IsVisible(PVROSDChannels) | Window.IsVisible(PVRChannelGuide) | Window.IsVisible(PVRRadioRDSInfo) | Window.IsVisible(Addon) | Window.IsVisible(1105)]</visible>
            <control type="image">
                <left>-30</left>
                <top>-225</top>
                <width>1980</width>
                <height>384</height>
                <texture flipy="true" border="1">HomeNowPlayingBack.png</texture>
                <visible>!Skin.String(MusicOSDInfo,never)</visible>
            </control>
            <include condition="!Skin.String(MusicOSDInfo,never)">TopLeftInfo</include>
            <include condition="!Skin.String(MusicOSDInfo,never)">Clock</include>
            <include condition="!Skin.String(MusicOSDInfo,never)">Date</include>
            <control type="image">
                <left>-30</left>
                <top>345r</top>
                <width>1980</width>
                <height>345</height>
                <texture border="1">HomeNowPlayingBack.png</texture>
                <visible>!Skin.String(MusicOSDInfo,never) | Window.IsActive(MusicOSD)</visible>
                <animation effect="slide" end="0,90" time="0" tween="back" easing="out" condition="Skin.String(MusicOSDInfo,never) +  !Skin.HasSetting(HidePopUpSeekBar)" reversible="true">Conditional</animation>
            </control>
            <control type="group">
                <visible>!Skin.String(MusicOSDInfo,never) + Skin.HasSetting(EnableCDArtWork) + !Skin.HasSetting(HideMusicArtWorkOSD) + !Player.IsInternetStream</visible>
                <left>15</left>
                <top>398r</top>
                <animation effect="slide" start="0,0" end="0,30" time="0" condition="!Skin.HasSetting(HidePopUpSeekBar) + Skin.HasSetting(HideNextSongsInfo)">Conditional</animation>
                <control type="image">
                    <description>Cd overlay</description>
                    <left>75</left>
                    <top>22</top>
                    <width>255</width>
                    <height>262</height>
                    <include>CDArtSpinner</include>
                    <texture fallback="disk.png" background="true">$INFO[Player.FolderPath,,cdart.png]</texture>
                    <aspectratio align="center">keep</aspectratio>
                </control>
                <control type="image">
                    <description>Cover Image</description>
                    <left>60</left>
                    <top>20</top>
                    <width>270</width>
                    <height>270</height>
                    <aspectratio aligny="bottom">stretch</aspectratio>
                    <texture background="true" diffuse="CDCase/cdmask.png" fallback="DefaultAlbumCover.png">$INFO[MusicPlayer.Cover]</texture>
                </control>
                <control type="image">
                    <left>6</left>
                    <top>4</top>
                    <width>344</width>
                    <height>310</height>
                    <bordertexture>CDCase/cdshadow.png</bordertexture>
                    <texture background="true">CDCase/cdglass.png</texture>
                </control>
            </control>
            <control type="image">
                <depth>DepthOSDPopout</depth>
                <description>orig cover image</description>
                <animation effect="slide" start="0,0" end="0,30" time="0" condition="!Skin.HasSetting(HidePopUpSeekBar) + Skin.HasSetting(HideNextSongsInfo)">Conditional</animation>
                <left>15</left>
                <top>428r</top>
                <width>450</width>
                <height>345</height>
                <texture fallback="DefaultAlbumCover.png">$INFO[Player.Art(thumb)]</texture>
                <aspectratio aligny="bottom">keep</aspectratio>
                <bordertexture border="8">ThumbShadow.png</bordertexture>
                <bordersize>8</bordersize>
                <visible>!Skin.String(MusicOSDInfo,never) + !Skin.HasSetting(HideMusicArtWorkOSD) + [!Skin.HasSetting(EnableCDArtWork) | Player.IsInternetStream]</visible>
            </control>
            <control type="group">
                <visible>!Skin.String(MusicOSDInfo,never)</visible>
                <animation effect="slide" end="-218,0" time="0" tween="back" easing="out" condition="Skin.HasSetting(HideMusicArtWorkOSD)" reversible="true">Conditional</animation>
                <left>495</left>
                <top>382r</top>
                <control type="image">
                    <left>0</left>
                    <top>-15</top>
                    <width>300</width>
                    <height>117</height>
                    <texture>$INFO[Player.FolderPath,,../logo.png]</texture>
                    <aspectratio aligny="bottom" align="left">keep</aspectratio>
                    <visible>String.IsEmpty(Skin.String(PhysicalMusicFolder)) + !Skin.HasSetting(HideMusicArtWorkOSD)</visible>
                    <visible>!Player.IsInternetStream</visible>
                </control>
                <control type="image">
                    <left>0</left>
                    <top>-15</top>
                    <width>300</width>
                    <height>117</height>
                    <texture>$INFO[Skin.String(PhysicalMusicFolder)]$INFO[MusicPlayer.Artist]/logo.png</texture>
                    <aspectratio aligny="bottom" align="left">keep</aspectratio>
                    <visible>!String.IsEmpty(Skin.String(PhysicalMusicFolder)) + !Skin.HasSetting(HideMusicArtWorkOSD)</visible>
                </control>
                <control type="label" id="1">
                    <description>Artist label</description>
                    <left>0</left>
                    <top>112</top>
                    <width>1365</width>
                    <height>38</height>
                    <align>left</align>
                    <font>font20</font>
                    <label>$INFO[MusicPlayer.Artist]$INFO[MusicPlayer.Album, - ]</label>
                    <textcolor>grey2</textcolor>
                    <shadowcolor>black</shadowcolor>
                </control>
                <control type="label">
                    <description>Header label</description>
                    <left>0</left>
                    <top>150</top>
                    <width>1365</width>
                    <height>38</height>
                    <align>left</align>
                    <font>font20</font>
                    <textcolor>grey2</textcolor>
                    <shadowcolor>black</shadowcolor>
                    <label>$VAR[MusicHeaderLabel]</label>
                </control>
                <control type="grouplist">
                    <left>0</left>
                    <top>200</top>
                    <width>1365</width>
                    <height>52</height>
                    <itemgap>8</itemgap>
                    <orientation>horizontal</orientation>
                    <control type="label">
                        <width min="15" max="836">auto</width>
                        <height>30</height>
                        <font>font30</font>
                        <align>left</align>
                        <aligny>center</aligny>
                        <label>$INFO[Player.Title]</label>
                        <textcolor>orange</textcolor>
                        <scroll>true</scroll>
                    </control>
                    <control type="image">
                        <description>Audio Codec Image</description>
                        <width>122</width>
                        <height>44</height>
                        <visible>!Player.ChannelPreviewActive</visible>
                        <texture>$INFO[MusicPlayer.Codec,flagging/audio/,.png]</texture>
                    </control>
                    <control type="group">
                        <description>Rating</description>
                        <width>258</width>
                        <height>44</height>
                        <control type="image">
                            <description>rating back</description>
                            <left>0</left>
                            <top>0</top>
                            <width>258</width>
                            <height>44</height>
                            <texture border="5">flagging/blank.png</texture>
                        </control>
                        <control type="image">
                            <description>User Rating</description>
                            <left>3</left>
                            <top>8</top>
                            <width>252</width>
                            <height>32</height>
                            <texture fallback="ratings/0.png">$INFO[MusicPlayer.UserRating,ratings/,.png]</texture>
                        </control>
                    </control>
                </control>
            </control>
            <control type="label">
                <left>0</left>
                <top>68r</top>
                <width>1920</width>
                <height>38</height>
                <label>$LOCALIZE[19031]: $INFO[MusicPlayer.offset(1).Artist,, - ]$INFO[MusicPlayer.offset(1).Title]</label>
                <align>center</align>
                <aligny>center</aligny>
                <font>font20</font>
                <textcolor>grey</textcolor>
                <scroll>true</scroll>
                <visible>[Skin.String(MusicOSDInfo,permanent) | MusicPlayer.HasNext] + !Window.IsVisible(MusicOSD) + !Window.IsVisible(script-XBMC_Lyrics-main.xml)</visible>
                <visible>!Skin.HasSetting(HidePopUpSeekBar) | [Skin.HasSetting(HidePopUpSeekBar) + ![Player.Seeking | Player.DisplayAfterSeek | Player.Paused | Player.Forwarding | Player.Rewinding]]</visible>
                <visible>Skin.HasSetting(HideNextSongsInfo) + !Skin.String(MusicOSDInfo,never)</visible>
                <animation effect="fade" time="150">VisibleChange</animation>
            </control>
            <control type="fadelabel" id="1">
                <description>Next Five Songs</description>
                <left>0</left>
                <top>68r</top>
                <width>1920</width>
                <height>38</height>
                <align>center</align>
                <scroll>true</scroll>
                <scrollout>true</scrollout>
                <scrollspeed>30</scrollspeed>
                <pauseatend>400</pauseatend>
                <label>$VAR[NextFiveSongScroller]</label>
                <font>font20</font>
                <textcolor>white</textcolor>
                <shadowcolor>black</shadowcolor>
                <animation effect="fade" time="150">VisibleChange</animation>
                <visible>[Skin.String(MusicOSDInfo,permanent) | MusicPlayer.HasNext] + !Window.IsVisible(MusicOSD) + !Window.IsVisible(script-XBMC_Lyrics-main.xml)</visible>
                <visible>!Skin.HasSetting(HidePopUpSeekBar)|[Skin.HasSetting(HidePopUpSeekBar) + ![Player.Seeking | Player.DisplayAfterSeek | Player.Paused | Player.Forwarding | Player.Rewinding]]</visible>
                <visible>!Skin.HasSetting(HideNextSongsInfo)</visible>
                <visible>!Skin.String(MusicOSDInfo,never)</visible>
            </control>
            <control type="group">
                <left>495</left>
                <top>142r</top>
                <control type="label">
                    <left>0</left>
                    <top>0</top>
                    <width>150</width>
                    <height>60</height>
                    <font>font22</font>
                    <align>left</align>
                    <aligny>center</aligny>
                    <label>$INFO[Player.Time(hh:mm:ss)]</label>
                </control>
                <control type="progress">
                    <description>Progressbar</description>
                    <left>150</left>
                    <top>22</top>
                    <width>1080</width>
                    <height>24</height>
                    <info>Player.Progress</info>
                </control>
                <control type="label">
                    <left>1230</left>
                    <top>0</top>
                    <width>150</width>
                    <height>60</height>
                    <font>font22</font>
                    <align>right</align>
                    <aligny>center</aligny>
                    <label>$INFO[Player.Duration(hh:mm:ss)]</label>
                </control>
                <visible>Integer.IsGreater(Player.time,0)</visible>
                <visible>!Skin.String(MusicOSDInfo,never) | Window.IsActive(MusicOSD)</visible>
                <animation effect="slide" end="-218,0" time="0" tween="back" easing="out" condition="Skin.HasSetting(HideMusicArtWorkOSD) | [Skin.String(MusicOSDInfo,never) +  !Skin.HasSetting(HidePopUpSeekBar)]" reversible="true">Conditional</animation>
            </control>
        </control>
    </controls>
</window>
