<?xml version="1.0" encoding="UTF-8"?>
<window>
    <defaultcontrol always="true">9001</defaultcontrol>
    <coordinates>
        <left>360</left>
        <top>330</top>
    </coordinates>
    <include>dialogeffect</include>
    <controls>
        <include content="DialogBackgroundCommons">
            <param name="DialogBackgroundWidth" value="1200" />
            <param name="DialogBackgroundHeight" value="420" />
            <param name="DialogHeaderWidth" value="1080" />
            <param name="DialogHeaderLabel" value="$LOCALIZE[21421]" />
            <param name="DialogHeaderId" value="2" />
            <param name="CloseButtonLeft" value="1025" />
            <param name="CloseButtonNav" value="9001" />
        </include>
        <control type="label">
            <description>Rule match label</description>
            <left>60</left>
            <top>90</top>
            <width>1080</width>
            <height>52</height>
            <align>center</align>
            <aligny>center</aligny>
            <font>font20</font>
            <textcolor>$VAR[MainColorOne]</textcolor>
            <shadowcolor>black</shadowcolor>
            <label>21422</label>
        </control>
        <control type="group" id="9001">
            <control type="button" id="15">
                <description>Rule Field</description>
                <left>45</left>
                <top>150</top>
                <width>548</width>
                <height>60</height>
                <font>font22</font>
                <onright>16</onright>
                <onleft>16</onleft>
                <onup>9000</onup>
                <ondown>17</ondown>
            </control>
            <control type="button" id="16">
                <description>Rule operator</description>
                <left>608</left>
                <top>150</top>
                <width>548</width>
                <height>60</height>
                <font>font22</font>
                <onright>15</onright>
                <onleft>15</onleft>
                <onup>9000</onup>
                <ondown>17</ondown>
            </control>
        </control>
        <control type="edit" id="17">
            <description>Value Button</description>
            <left>45</left>
            <top>218</top>
            <width>848</width>
            <height>60</height>
            <font>font22</font>
            <aligny>center</aligny>
            <invalidcolor>invalid</invalidcolor>
            <label></label>
            <hinttext>16028</hinttext>
            <onup>9001</onup>
            <onleft>20</onleft>
            <onright>20</onright>
            <ondown>9000</ondown>
        </control>
        <control type="button" id="20">
            <description>Browse Button</description>
            <left>900</left>
            <top>218</top>
            <width>255</width>
            <height>60</height>
            <align>center</align>
            <aligny>center</aligny>
            <label>1024</label>
            <font>font20_title</font>
            <onup>9001</onup>
            <onleft>17</onleft>
            <onright>17</onright>
            <ondown>9000</ondown>
        </control>
        <control type="group" id="9000">
            <control type="button" id="18">
                <description>Ok Button</description>
                <left>292</left>
                <top>315</top>
                <width>300</width>
                <height>60</height>
                <align>center</align>
                <aligny>center</aligny>
                <font>font20_title</font>
                <label>186</label>
                <onup>17</onup>
                <onleft>19</onleft>
                <onright>19</onright>
                <ondown>9001</ondown>
            </control>
            <control type="button" id="19">
                <description>Cancel Button</description>
                <left>608</left>
                <top>315</top>
                <width>300</width>
                <height>60</height>
                <align>center</align>
                <aligny>center</aligny>
                <font>font20_title</font>
                <label>222</label>
                <onup>17</onup>
                <onleft>18</onleft>
                <onright>19</onright>
                <ondown>9001</ondown>
            </control>
        </control>
    </controls>
</window>
