<?xml version="1.0" encoding="UTF-8" standalone="yes"?>
<addon id="plugin.program.wiz" version="1.0.0" name="Kodi Omega Wizard" provider-name="YourName">
    <requires>
        <import addon="xbmc.python" version="3.0.0"/>
		<import addon="script.module.requests"/>
    </requires>
    <extension point="xbmc.python.pluginsource" library="default.py">
        <provides>executable</provides>
    </extension>
    <assets>
        <icon>icon.png</icon>
        <fanart>fanart.jpg</fanart>
    </assets>
</addon>