<?xml version="1.0" encoding="UTF-8" standalone="yes"?>
<addon id="plugin.video.linxboxmovies" name="[B][COLOR red]LINX[/B][/COLOR] [B][COLOR white]BOX movies[/B][/COLOR]" version="1.0.0" provider-name="[B][COLOR red]C.O.D[/B][/COLOR]">
  <requires>
      <import addon="script.module.requests"/>
	  <import addon="plugin.video.linxbox"/>

    </requires>
  <extension point="xbmc.python.pluginsource"
			library="default.py">
		<provides>video</provides>
  </extension>
  <extension point="xbmc.addon.metadata">
	<summary lang="en">[COLOR red]An IPTV addon written to work with XC and XCUI for Kodi 19 only[/COLOR] </summary>
	<language>en</language>
	<description lang="en">[COLOR red]This addon does not supply nor provide any illegal content[/COLOR]</description>
	<platform>all</platform>
	<assets>
		<icon>icon.png</icon>
		<fanart>fanart.jpg</fanart>
	</assets>
  </extension>
</addon>